country,location,seasonCode,seasonStartDate,seasonEndDate,lodging,mealsAndIncidentals,totalPerDiem,dateEffective,locationCode
AFGHANISTAN,[Other],S1,1-Jan,31-Dec,0,15,15,1-Aug-03,11804
AFGHANISTAN,Kabul,S1,1-Jan,31-Dec,0,33,33,1-Jul-16,10323
ALBANIA,[Other],S1,1-Jan,31-Dec,77,36,113,1-Dec-16,11908
ALBANIA,Tirana,S1,1-Jan,31-Dec,190,85,275,1-Dec-16,10104
ALGERIA,[Other],S1,1-Jan,31-Dec,192,112,304,1-Jan-15,11805
ALGERIA,Algiers,S1,1-Jan,31-Dec,188,78,266,1-Jun-16,10324
ANDORRA,Andorra,S1,1-Jan,31-Dec,209,123,332,1-Jan-08,11079
ANGOLA,[Other],S1,1-Jan,31-Dec,405,170,575,1-Aug-13,11822
ANGOLA,Luanda,S1,1-Jan,31-Dec,405,170,575,1-Aug-13,10373
ANGUILLA,The Valley,S1,1-Jan,31-Dec,279,161,440,1-Oct-16,91116
ANTARCTICA,Antarctica Region Posts,S1,1-Jan,31-Dec,0,1,1,1-Jun-10,19942
ANTIGUA AND BARBUDA,[Other],S1,16-Apr,14-Dec,37,18,55,1-May-08,11984
ANTIGUA AND BARBUDA,[Other],S2,15-Dec,15-Apr,50,19,69,1-May-08,11984
ANTIGUA AND BARBUDA,Antigua and Barbuda,S1,1-May,30-Nov,203,115,318,1-May-16,11052
ANTIGUA AND BARBUDA,Antigua and Barbuda,S2,1-Dec,30-Apr,252,120,372,1-May-16,11052
ARGENTINA,[Other],S1,1-Jan,31-Dec,175,117,292,1-May-12,11737
ARGENTINA,Bariloche,S1,1-Jan,31-Dec,218,112,330,1-Mar-12,12637
ARGENTINA,Buenos Aires,S1,1-Jan,31-Dec,267,129,396,1-Jan-17,10016
ARGENTINA,Mendoza,S1,1-Jan,31-Dec,182,105,287,1-May-12,19952
ARMENIA,[Other],S1,1-Jan,31-Dec,148,92,240,1-May-12,11756
ARMENIA,Yerevan,S1,1-Jan,31-Dec,148,92,240,1-May-12,10105
ASCENSION ISLAND,Ascension Island,S1,1-Jan,31-Dec,122,29,151,1-Nov-16,11053
AUSTRALIA,[Other],S1,1-Jan,31-Dec,139,109,248,1-Mar-17,11787
AUSTRALIA,Adelaide,S1,1-Jan,31-Dec,160,132,292,1-Mar-17,10244
AUSTRALIA,Bendigo,S1,1-Jan,31-Dec,282,133,415,1-Mar-17,19983
AUSTRALIA,Brisbane,S1,1-Jan,31-Dec,172,106,278,1-Mar-17,10245
AUSTRALIA,Broome,S1,1-Jan,31-Dec,317,137,454,1-Mar-17,15035
AUSTRALIA,Cairns,S1,1-Jan,31-Dec,139,109,248,1-Mar-17,12583
AUSTRALIA,Canberra,S1,1-Jan,31-Dec,168,133,301,1-Mar-17,10243
AUSTRALIA,"Darwin,  Northern Territory",S1,1-Jan,31-Dec,219,133,352,1-Mar-17,12342
AUSTRALIA,Exmouth,S1,1-Jan,31-Dec,179,124,303,1-Mar-17,15065
AUSTRALIA,Fremantle,S1,1-Jan,31-Dec,194,113,307,1-Mar-17,13319
AUSTRALIA,Hobart,S1,1-Jan,31-Dec,172,141,313,1-Mar-17,12372
AUSTRALIA,Melbourne,S1,1-Jan,31-Dec,200,155,355,1-Mar-17,10246
AUSTRALIA,Perth,S1,1-Jan,31-Dec,220,145,365,1-Mar-17,10247
AUSTRALIA,"Richmond, NSW",S1,1-Jan,31-Dec,156,114,270,1-Mar-17,13553
AUSTRALIA,Sydney,S1,1-Jan,31-Dec,240,154,394,1-Mar-17,10248
AUSTRIA,[Other],S1,1-Jan,31-Dec,207,118,325,1-Jan-17,11757
AUSTRIA,Graz,S1,1-Jan,31-Dec,196,134,330,1-Jan-17,11985
AUSTRIA,Innsbruck,S1,1-Jan,31-Dec,207,118,325,1-Jan-17,11082
AUSTRIA,Linz,S1,1-Jan,31-Dec,174,138,312,1-Jan-17,11410
AUSTRIA,Salzburg,S1,1-Jan,31-Dec,201,139,340,1-Jan-17,10107
AUSTRIA,Vienna,S1,1-Jan,31-Dec,207,115,322,1-Jan-17,10106
AZERBAIJAN,[Other],S1,1-Jan,31-Dec,98,81,179,1-Sep-14,11758
AZERBAIJAN,Baku,S1,1-Jan,31-Dec,246,115,361,1-Sep-14,10109
AZERBAIJAN,Ganja,S1,1-Jan,31-Dec,125,90,215,1-Sep-14,19944
AZERBAIJAN,Qabala,S1,1-Jan,31-Dec,128,84,212,1-Sep-14,15045
BAHAMAS,[Other],S1,1-Jan,31-Dec,159,107,266,1-Aug-15,11891
BAHAMAS,Andros Island,S1,1-Jan,31-Dec,159,107,266,1-Aug-15,11000
BAHAMAS,Eleuthera Island,S1,17-Apr,14-Nov,213,143,356,1-Sep-15,11001
BAHAMAS,Eleuthera Island,S2,15-Nov,16-Apr,276,150,426,1-Sep-15,11001
BAHAMAS,Grand Bahama Island,S1,1-Jan,31-Dec,187,126,313,1-May-15,11002
BAHAMAS,Nassau,S1,1-Jan,31-Dec,318,159,477,1-Mar-15,10017
BAHRAIN,Bahrain,S1,1-Jan,31-Dec,255,122,377,1-Aug-16,11054
BAHRAIN,MANAMA,S1,1-Jan,31-Dec,255,122,377,1-Aug-16,91120
BANGLADESH,[Other],S1,1-Jan,31-Dec,73,71,144,1-Jun-13,11807
BANGLADESH,Chittagong,S1,1-Jan,31-Dec,100,71,171,1-Jul-13,11986
BANGLADESH,Dhaka,S1,1-Jan,31-Dec,200,90,290,1-Jan-13,10327
BANGLADESH,Sylhet,S1,1-Jan,31-Dec,105,69,174,1-Jun-13,15021
BARBADOS,Barbados,S1,16-Apr,14-Dec,178,128,306,1-Sep-14,11055
BARBADOS,Barbados,S2,15-Dec,15-Apr,287,139,426,1-Sep-14,11055
BELARUS,[Other],S1,1-Jan,31-Dec,190,84,274,1-Jan-17,11904
BELARUS,Minsk,S1,1-Jan,31-Dec,190,84,274,1-Jan-17,10822
BELGIUM,[Other],S1,1-Jan,31-Dec,76,66,142,1-Jan-17,11760
BELGIUM,Antwerp,S1,1-Jan,31-Dec,177,98,275,1-Jan-17,10112
BELGIUM,Brugge,S1,1-Jan,31-Dec,120,86,206,1-Jan-17,12125
BELGIUM,Brussels,S1,1-Jan,31-Dec,162,127,289,1-Jan-17,10111
BELGIUM,Diegem,S1,1-Jan,31-Dec,162,127,289,1-Jan-17,11087
BELGIUM,Kleine Brogel,S1,1-Jan,31-Dec,106,74,180,1-Jan-17,10819
BELGIUM,Liege,S1,1-Jan,31-Dec,131,70,201,1-Jan-17,11091
BELGIUM,SHAPE/Chievres,S1,1-Jan,31-Dec,103,75,178,1-Jan-17,10820
BELGIUM,Zaventem,S1,1-Jan,31-Dec,162,127,289,1-Jan-17,11093
BELIZE,[Other],S1,1-Jan,31-Dec,138,91,229,1-Dec-15,11742
BELIZE,Belize City,S1,1-Jan,31-Dec,138,91,229,1-Dec-15,10049
BELIZE,Belmopan,S1,1-Jan,31-Dec,149,93,242,1-Dec-15,13643
BELIZE,Caye Caulker,S1,1-Jan,31-Dec,152,99,251,1-Jan-16,15072
BELIZE,San Pedro,S1,1-Jan,31-Dec,174,99,273,1-Dec-15,15018
BENIN,[Other],S1,1-Jan,31-Dec,80,67,147,1-May-08,11831
BENIN,Cotonou,S1,1-Jan,31-Dec,124,78,202,1-Feb-17,10386
BERMUDA,Bermuda,S1,1-Apr,30-Nov,445,191,636,1-Apr-17,11963
BERMUDA,Bermuda,S2,1-Dec,31-Mar,365,183,548,1-Apr-17,11963
BHUTAN,Bhutan,S1,1-Jan,31-Dec,280,112,392,1-Dec-10,11094
BOLIVIA,[Other],S1,1-Jan,31-Dec,77,53,130,1-May-16,11738
BOLIVIA,Cochabamba,S1,1-Jan,31-Dec,85,49,134,1-Sep-12,10019
BOLIVIA,La Paz,S1,1-Jan,31-Dec,140,85,225,1-Apr-16,10018
BOLIVIA,Potosi,S1,1-Jan,31-Dec,88,60,148,1-Apr-16,12246
BOLIVIA,Santa Cruz,S1,1-Jan,31-Dec,135,82,217,1-Oct-15,10435
BOSNIA-HERZEGOVINA,[Other],S1,1-Jan,31-Dec,115,65,180,1-Jan-17,11915
BOSNIA-HERZEGOVINA,Sarajevo,S1,1-Jan,31-Dec,115,65,180,1-Jan-17,11043
BOTSWANA,[Other],S1,1-Jan,31-Dec,138,75,213,1-Mar-15,11824
BOTSWANA,Francistown,S1,1-Jan,31-Dec,119,69,188,1-Apr-17,12578
BOTSWANA,Gaborone,S1,1-Apr,31-Jul,168,81,249,1-Apr-17,10377
BOTSWANA,Gaborone,S2,1-Aug,31-Mar,125,76,201,1-Apr-17,10377
BOTSWANA,Kasane,S1,1-Jan,31-Dec,163,88,251,1-Apr-17,12390
BOTSWANA,Selebi Phikwe,S1,1-Jan,31-Dec,92,66,158,1-Apr-17,10728
BRAZIL,[Other],S1,1-Jan,31-Dec,177,130,307,1-May-12,12078
BRAZIL,Belem,S1,1-Jan,31-Dec,132,78,210,1-Feb-17,11098
BRAZIL,Belo Horizonte,S1,1-Jan,31-Dec,120,69,189,1-Feb-17,10023
BRAZIL,Brasilia,S1,1-Jan,31-Dec,227,123,350,1-Apr-16,10022
BRAZIL,Fortaleza,S1,1-Jan,31-Dec,210,114,324,1-Jun-13,11004
BRAZIL,Foz do Iguacu,S1,1-Jan,31-Dec,119,100,219,1-Feb-17,11102
BRAZIL,Goiania,S1,1-Jan,31-Dec,194,131,325,1-May-12,11103
BRAZIL,Manaus,S1,1-Jan,31-Dec,155,88,243,1-Mar-10,11105
BRAZIL,Natal,S1,1-Jan,31-Dec,199,95,294,1-Nov-10,11106
BRAZIL,Porto Alegre,S1,1-Jan,31-Dec,144,102,246,1-Mar-16,10029
BRAZIL,Porto Velho,S1,1-Jan,31-Dec,111,59,170,1-Feb-17,15062
BRAZIL,"Recife, Pernambuco",S1,1-Jan,31-Dec,199,93,292,1-Nov-10,10030
BRAZIL,Rio de Janeiro,S1,1-Jan,31-Dec,361,157,518,1-Dec-13,10031
BRAZIL,Salvador da Bahia,S1,1-Jan,31-Dec,201,121,322,1-Dec-13,11108
BRAZIL,Sao Paulo,S1,1-Jan,31-Dec,282,94,376,1-Feb-16,10033
BRUNEI,[Other],S1,1-Jan,31-Dec,75,48,123,1-Mar-00,11788
BRUNEI,Bandar Seri Begawan,S1,1-Jan,31-Dec,193,97,290,1-May-10,10250
BRUNEI,Jerudong,S1,1-Jan,31-Dec,245,106,351,1-Mar-14,19980
BULGARIA,[Other],S1,1-Jan,31-Dec,82,69,151,1-Feb-08,11762
BULGARIA,Bourgas,S1,1-Jan,31-Dec,72,60,132,1-Feb-08,12220
BULGARIA,Plovdiv,S1,1-Jan,31-Dec,167,60,227,1-May-08,12216
BULGARIA,Sofia,S1,1-Jan,31-Dec,173,98,271,1-Mar-11,10115
BULGARIA,Varna,S1,1-Jan,31-Dec,97,58,155,1-Sep-05,12219
BURKINA FASO,[Other],S1,1-Jan,31-Dec,65,57,122,1-Feb-17,11854
BURKINA FASO,Bobo Dioulasso,S1,1-Jan,31-Dec,65,57,122,1-Feb-17,11116
BURKINA FASO,Ouagadougou,S1,1-Jan,31-Dec,153,98,251,1-Feb-17,10432
BURMA,[Other],S1,1-Jan,31-Dec,150,93,243,1-Mar-17,11789
BURMA,Naypyitaw,S1,1-Jan,31-Dec,110,106,216,1-Mar-17,13519
BURMA,Rangoon,S1,1-Jan,31-Dec,180,107,287,1-Mar-17,10251
BURUNDI,[Other],S1,1-Jan,31-Dec,120,67,187,1-Jul-11,11892
BURUNDI,Bujumbura,S1,1-Jan,31-Dec,120,67,187,1-Jul-11,10378
CABO VERDE,[Other],S1,1-Jan,31-Dec,58,42,100,1-Feb-17,11826
CABO VERDE,Boa Vista Island,S1,1-Jan,31-Dec,155,46,201,1-Feb-17,11680
CABO VERDE,Fogo,S1,1-Jan,31-Dec,65,58,123,1-Feb-17,12283
CABO VERDE,Praia,S1,1-Jan,31-Dec,133,87,220,1-Feb-17,10381
CABO VERDE,Sal Island,S1,1-Jan,31-Dec,145,86,231,1-Feb-17,11681
CABO VERDE,Sao Tiago Island,S1,1-Jan,31-Dec,48,41,89,1-Feb-17,11682
CABO VERDE,Sao Vicente Island,S1,1-Jan,31-Dec,107,73,180,1-Feb-17,11683
CAMBODIA,[Other],S1,1-Jan,31-Dec,110,57,167,1-Apr-15,11790
CAMBODIA,Phnom Penh,S1,1-Jan,31-Dec,151,85,236,1-May-14,10253
CAMBODIA,Siem Reap,S1,1-Apr,30-Sep,155,79,234,1-Dec-13,11117
CAMBODIA,Siem Reap,S2,1-Oct,31-Mar,170,81,251,1-Dec-13,11117
CAMBODIA,Sihanoukville,S1,1-May,31-Aug,145,73,218,1-Jul-16,13422
CAMBODIA,Sihanoukville,S2,1-Sep,30-Apr,180,76,256,1-Jul-16,13422
CAMEROON,[Other],S1,1-Jan,31-Dec,96,45,141,1-Feb-17,11825
CAMEROON,Douala,S1,1-Jan,31-Dec,136,90,226,1-Feb-17,10380
CAMEROON,Limbe,S1,1-Jan,31-Dec,126,57,183,1-Feb-17,15055
CAMEROON,Yaounde,S1,1-Jan,31-Dec,132,102,234,1-Feb-17,10379
CANADA,[Other],S1,1-Jan,31-Dec,124,107,231,1-Apr-17,11763
CANADA,Banff,S1,1-Jan,31-Dec,279,82,361,1-Apr-17,11118
CANADA,Calgary,S1,1-Jan,31-Dec,244,121,365,1-Mar-17,10118
CANADA,Dartmouth,S1,1-Jan,31-Dec,182,136,318,1-Mar-17,10827
CANADA,Edmonton,S1,1-Jan,31-Dec,169,71,240,1-Apr-17,10492
CANADA,"Fort McMurray, Alberta",S1,1-Jan,31-Dec,210,92,302,1-Jan-08,13823
CANADA,Fredericton,S1,1-Jan,31-Dec,174,119,293,1-Apr-17,12195
CANADA,"Gander, Newfoundland",S1,1-Jan,31-Dec,157,111,268,1-Apr-17,12294
CANADA,Goose Bay,S1,1-Jan,31-Dec,162,110,272,1-Apr-17,91127
CANADA,Halifax,S1,1-Jan,31-Dec,182,136,318,1-Mar-17,10119
CANADA,Kelowna,S1,1-Jan,31-Dec,186,128,314,1-Mar-17,91128
CANADA,"London, Ontario",S1,1-Jan,31-Dec,115,94,209,1-Aug-10,10829
CANADA,Mississauga,S1,1-Jan,31-Dec,94,64,158,1-Apr-17,11119
CANADA,Moncton,S1,1-Jan,31-Dec,148,113,261,1-Apr-17,12194
CANADA,Montreal,S1,1-Jan,31-Dec,176,110,286,1-Apr-17,10120
CANADA,Nanoose Bay,S1,1-Jan,31-Dec,100,93,193,1-Apr-17,13883
CANADA,Northwest Territories,S1,1-Jan,31-Dec,108,61,169,1-Apr-17,11711
CANADA,Ottawa,S1,1-Jan,31-Dec,204,112,316,1-Mar-17,10117
CANADA,Prince Edward Island,S1,1-Jan,31-Dec,191,118,309,1-Apr-17,11121
CANADA,Quebec,S1,1-Jan,31-Dec,227,128,355,1-Mar-17,10121
CANADA,"Regina, Saskatchewan",S1,1-Jan,31-Dec,192,91,283,1-Jan-08,13822
CANADA,Richmond,S1,1-Jan,31-Dec,208,122,330,1-Apr-17,11122
CANADA,"Saskatoon, Saskatchewan",S1,1-Jan,31-Dec,188,90,278,1-Jan-08,12734
CANADA,Sidney,S1,1-Jan,31-Dec,141,102,243,1-Apr-17,11124
CANADA,"St. John's, Newfoundland",S1,1-Jan,31-Dec,176,136,312,1-Mar-17,11123
CANADA,Toronto,S1,1-Jan,31-Dec,176,115,291,1-Mar-17,10122
CANADA,Vancouver,S1,15-May,15-Sep,219,132,351,1-Apr-17,10123
CANADA,Vancouver,S2,16-Sep,14-May,179,128,307,1-Apr-17,10123
CANADA,Victoria,S1,15-May,1-Oct,218,125,343,1-Apr-17,10832
CANADA,Victoria,S2,2-Oct,14-May,161,119,280,1-Apr-17,10832
CANADA,"Whitehorse, Yukon",S1,1-Jan,31-Dec,215,97,312,1-Mar-17,91129
CANADA,Winnipeg,S1,1-Jan,31-Dec,185,141,326,1-Mar-17,10124
CANADA,Yellowknife,S1,1-Jan,31-Dec,133,97,230,1-Mar-17,91130
CAYMAN ISLANDS,Cayman Islands,S1,17-Jul,14-Dec,307,119,426,1-Dec-15,19016
CAYMAN ISLANDS,Cayman Islands,S2,15-Dec,16-Jul,588,147,735,1-Dec-15,19016
CENTRAL AFRICAN REPUBLIC,[Other],S1,1-Jan,31-Dec,216,111,327,1-Mar-15,11827
CENTRAL AFRICAN REPUBLIC,Bangui,S1,1-Jan,31-Dec,216,111,327,1-Mar-15,10382
CHAD,[Other],S1,1-Jan,31-Dec,173,100,273,1-Oct-14,11828
CHAD,Ndjamena,S1,1-Jan,31-Dec,215,106,321,1-Jan-17,10383
CHAGOS ARCHIPELAGO,Chagos Archipelago,S1,1-Jan,31-Dec,75,61,136,1-Oct-15,11057
CHILE,[Other],S1,1-Jan,31-Dec,182,89,271,1-Jul-13,11893
CHILE,Santiago,S1,1-Jan,31-Dec,190,116,306,1-Sep-15,10035
CHINA,[Other],S1,1-Jan,31-Dec,135,106,241,1-Dec-16,11791
CHINA,Beijing,S1,1-Jan,31-Dec,258,119,377,1-Mar-12,10254
CHINA,Changchun,S1,1-Jan,31-Dec,167,100,267,1-Apr-13,13481
CHINA,Chengdu,S1,1-Jan,31-Dec,137,79,216,1-Dec-16,10258
CHINA,Chongqing,S1,1-Jan,31-Dec,99,83,182,1-May-06,11127
CHINA,Dalian,S1,1-Jan,31-Dec,166,108,274,1-Apr-13,11128
CHINA,Fuzhou,S1,1-Jan,31-Dec,176,122,298,1-Jan-14,12239
CHINA,Guangzhou,S1,1-Jan,31-Dec,243,164,407,1-Mar-14,10255
CHINA,Guilin,S1,1-Jan,31-Dec,168,100,268,1-Aug-12,12911
CHINA,Haikou,S1,1-Jan,31-Dec,167,109,276,1-Dec-16,12242
CHINA,Hangzhou,S1,1-Jan,31-Dec,169,124,293,1-Aug-15,11129
CHINA,Harbin,S1,1-Jan,31-Dec,187,101,288,1-Apr-13,12514
CHINA,Jinan,S1,1-Jan,31-Dec,121,85,206,1-Dec-16,15031
CHINA,Lhasa,S1,1-Jan,31-Dec,131,52,183,1-Nov-07,11998
CHINA,Lijiang,S1,1-Jan,31-Dec,153,133,286,1-Jul-15,13361
CHINA,Nanjing,S1,1-Jan,31-Dec,129,72,201,1-Dec-16,11130
CHINA,Nanning,S1,1-Jan,31-Dec,131,119,250,1-Nov-11,12241
CHINA,Ningbo,S1,1-Jan,31-Dec,128,92,220,1-Dec-16,13594
CHINA,Qingdao,S1,1-Jan,31-Dec,157,88,245,1-May-11,12504
CHINA,Sanya,S1,1-Jan,31-Dec,164,85,249,1-Dec-16,13406
CHINA,Shanghai,S1,1-Jan,31-Dec,259,143,402,1-Aug-15,10256
CHINA,Shantou,S1,1-Jan,31-Dec,141,86,227,1-Apr-11,11131
CHINA,Shenyang,S1,1-Jan,31-Dec,193,107,300,1-May-13,10257
CHINA,Shenzhen,S1,1-Jan,31-Dec,264,135,399,1-Nov-11,11132
CHINA,Suzhou,S1,1-Jan,31-Dec,141,101,242,1-Dec-16,13475
CHINA,Tianjin,S1,1-Jan,31-Dec,141,102,243,1-May-12,11133
CHINA,Urumqi,S1,1-Jan,31-Dec,146,79,225,1-Dec-16,12560
CHINA,Wuhan,S1,1-Jan,31-Dec,135,106,241,1-Dec-16,12509
CHINA,Xiamen,S1,1-Jan,31-Dec,159,112,271,1-Jan-11,12243
CHINA,Xian,S1,1-Jan,31-Dec,132,100,232,1-Dec-16,11134
CHINA,Zhuhai,S1,1-Jan,31-Dec,142,97,239,1-Dec-16,12240
COCOS (KEELING) ISLANDS,Cocos Islands,S1,1-Jan,31-Dec,58,50,108,1-Mar-98,11135
COLOMBIA,[Other],S1,1-Jan,31-Dec,161,89,250,1-Dec-10,11744
COLOMBIA,Barranquilla,S1,1-Jan,31-Dec,139,85,224,1-Dec-10,10041
COLOMBIA,Bogota,S1,1-Jan,31-Dec,277,105,382,1-Dec-10,10040
COLOMBIA,Buenaventura,S1,1-Jan,31-Dec,135,84,219,1-Dec-10,12484
COLOMBIA,Cali,S1,1-Jan,31-Dec,164,85,249,1-Dec-10,10042
COLOMBIA,Cartagena,S1,1-Jan,31-Dec,304,107,411,1-Dec-10,11136
COLOMBIA,Medellin,S1,1-Jan,31-Dec,166,96,262,1-Dec-10,12415
COLOMBIA,San Andres,S1,1-Jan,31-Dec,161,89,250,1-Dec-10,11999
COLOMBIA,Santa Marta,S1,1-Jan,31-Dec,164,85,249,1-Dec-10,12648
COMOROS,[Other],S1,1-Jan,31-Dec,72,71,143,1-Aug-15,11829
COMOROS,Moroni,S1,1-Jan,31-Dec,116,75,191,1-Jan-16,10384
COOK ISLANDS,[Other],S1,1-Jan,31-Dec,214,106,320,1-Apr-17,11917
COOK ISLANDS,Rarotonga,S1,1-Jan,31-Dec,214,106,320,1-Apr-17,11044
COSTA RICA,[Other],S1,1-Jan,31-Dec,147,109,256,1-Jan-14,11745
COSTA RICA,San Jose,S1,1-Jan,31-Dec,147,109,256,1-Jan-14,10044
COTE D'IVOIRE,[Other],S1,1-Jan,31-Dec,80,76,156,1-Apr-12,11839
COTE D'IVOIRE,Abidjan,S1,1-Jan,31-Dec,209,104,313,1-Feb-17,10724
COTE D'IVOIRE,Yamoussoukro,S1,1-Jan,31-Dec,72,69,141,1-Feb-17,11489
CROATIA,[Other],S1,1-Jan,31-Dec,176,84,260,1-Nov-16,11912
CROATIA,Cavtat,S1,13-May,15-Oct,319,124,443,1-Nov-16,13394
CROATIA,Cavtat,S2,16-Oct,12-May,210,113,323,1-Nov-16,13394
CROATIA,Dubrovnik,S1,13-May,15-Oct,319,124,443,1-Nov-16,12718
CROATIA,Dubrovnik,S2,16-Oct,12-May,210,113,323,1-Nov-16,12718
CROATIA,Split,S1,1-May,15-Oct,251,121,372,1-Nov-16,12719
CROATIA,Split,S2,16-Oct,30-Apr,231,119,350,1-Nov-16,12719
CROATIA,Zagreb,S1,1-Jan,31-Dec,176,84,260,1-Nov-16,10838
CUBA,[Other],S1,1-Jan,31-Dec,100,49,149,1-Feb-17,11746
CUBA,Camaguey,S1,1-Jan,31-Dec,180,64,244,1-Feb-17,19973
CUBA,Guantanamo Bay,S1,1-Jan,31-Dec,75,37,112,1-Nov-15,10441
CUBA,Havana,S1,1-Jan,31-Dec,205,111,316,1-Dec-15,10047
CUBA,Holguin,S1,1-Jan,31-Dec,100,49,149,1-Feb-17,19975
CUBA,Matanzas,S1,1-Jan,31-Dec,110,47,157,1-Feb-17,19970
CUBA,Santiago,S1,1-Jan,31-Dec,130,60,190,1-Feb-17,13872
CUBA,Trinidad,S1,1-Jan,31-Dec,128,63,191,1-Feb-17,19972
CYPRUS,[Other],S1,1-Jan,31-Dec,185,104,289,1-Mar-17,11764
CYPRUS,Akrotiri,S1,1-Jan,31-Dec,191,132,323,1-Mar-17,13359
CYPRUS,Limassol,S1,1-Jan,31-Dec,191,132,323,1-Mar-17,11139
CYPRUS,Nicosia,S1,1-Jan,31-Dec,162,114,276,1-Mar-17,10126
CYPRUS,Paphos,S1,1-Jan,31-Dec,155,117,272,1-Jan-17,13518
CZECH REPUBLIC,[Other],S1,1-Jan,31-Dec,136,82,218,1-Mar-08,11913
CZECH REPUBLIC,Brno,S1,1-Jan,31-Dec,185,93,278,1-Mar-08,13581
CZECH REPUBLIC,Prague,S1,1-Jan,31-Dec,280,136,416,1-May-08,10839
DEMOCRATIC REPUBLIC OF THE CONGO,[Other],S1,1-Jan,31-Dec,130,101,231,1-Jan-17,11888
DEMOCRATIC REPUBLIC OF THE CONGO,Bukavu,S1,1-Jan,31-Dec,165,114,279,1-Jan-17,10427
DEMOCRATIC REPUBLIC OF THE CONGO,Goma,S1,1-Jan,31-Dec,134,106,240,1-Jan-17,11500
DEMOCRATIC REPUBLIC OF THE CONGO,Kinshasa,S1,1-Jan,31-Dec,253,141,394,1-Oct-16,10424
DEMOCRATIC REPUBLIC OF THE CONGO,Lubumbashi,S1,1-Jan,31-Dec,197,126,323,1-Jan-17,10425
DEMOCRATIC REPUBLIC OF THE CONGO,"Mbuji Mayi, Kasai",S1,1-Jan,31-Dec,120,109,229,1-Jan-17,12341
DENMARK,[Other],S1,1-Jan,31-Dec,201,103,304,1-Dec-16,11765
DENMARK,Aalborg,S1,1-Jan,31-Dec,191,107,298,1-Dec-16,12505
DENMARK,Copenhagen,S1,1-Jan,31-Dec,217,122,339,1-Dec-16,10129
DENMARK,Lyngby,S1,1-Jan,31-Dec,217,122,339,1-Dec-16,13841
DENMARK,Odense,S1,1-Jan,31-Dec,198,113,311,1-Dec-16,12507
DJIBOUTI,[Other],S1,1-Jan,31-Dec,85,69,154,1-Feb-11,11821
DJIBOUTI,Djibouti City,S1,1-Jan,31-Dec,228,115,343,1-Feb-15,11078
DOMINICA,Dominica,S1,1-Jan,31-Dec,161,83,244,1-May-16,11140
DOMINICAN REPUBLIC,[Other],S1,1-Jan,31-Dec,180,60,240,1-Jun-16,11747
DOMINICAN REPUBLIC,Bavaro,S1,1-Jan,31-Dec,225,63,288,1-Jun-16,12936
DOMINICAN REPUBLIC,La Romana,S1,1-Jan,31-Dec,280,83,363,1-Jun-16,11141
DOMINICAN REPUBLIC,Puerto Plata,S1,1-Jan,31-Dec,200,46,246,1-Jun-16,11142
DOMINICAN REPUBLIC,Punta Cana,S1,1-Jan,31-Dec,217,65,282,1-Jun-16,12933
DOMINICAN REPUBLIC,Santo Domingo,S1,1-Jan,31-Dec,200,76,276,1-Jun-16,10054
DOMINICAN REPUBLIC,Sosua,S1,1-Jan,31-Dec,150,63,213,1-Jun-16,11143
ECUADOR,[Other],S1,1-Jan,31-Dec,118,84,202,1-Dec-13,11910
ECUADOR,Cuenca,S1,1-Jan,31-Dec,118,84,202,1-Dec-13,12132
ECUADOR,Galapagos Islands,S1,1-Jan,31-Dec,284,131,415,1-Apr-15,13928
ECUADOR,Guayaquil,S1,1-Jan,31-Dec,173,102,275,1-Nov-15,10057
ECUADOR,Manta,S1,1-Jan,31-Dec,108,71,179,1-Feb-11,12002
ECUADOR,Quito,S1,1-Jan,31-Dec,190,107,297,1-Mar-15,10056
EGYPT,[Other],S1,1-Jan,31-Dec,130,56,186,1-Nov-11,11809
EGYPT,Alexandria,S1,1-Jan,31-Dec,160,70,230,1-Jan-17,10329
EGYPT,Aswan,S1,1-Jan,31-Dec,135,92,227,1-Mar-13,11145
EGYPT,Cairo,S1,1-Jan,31-Dec,175,98,273,1-Mar-17,10328
EGYPT,Luxor,S1,1-Jan,31-Dec,150,79,229,1-Jan-17,11389
EGYPT,Sharm el Sheikh,S1,1-Jan,31-Dec,140,87,227,1-May-08,11395
EL SALVADOR,[Other],S1,1-Jan,31-Dec,62,48,110,1-Jul-16,11748
EL SALVADOR,San Salvador,S1,1-Jan,31-Dec,128,93,221,1-Feb-08,10058
EQUATORIAL GUINEA,[Other],S1,1-Jan,31-Dec,209,95,304,1-Feb-17,11832
EQUATORIAL GUINEA,Malabo,S1,1-Jan,31-Dec,209,95,304,1-Feb-17,10387
ERITREA,[Other],S1,1-Jan,31-Dec,60,85,145,1-Jul-15,11901
ERITREA,Asmara,S1,1-Jan,31-Dec,135,108,243,1-Feb-15,10726
ERITREA,Keren,S1,1-Jan,31-Dec,60,85,145,1-Jul-15,20010
ERITREA,Massawa,S1,1-Jan,31-Dec,90,83,173,1-Mar-15,20001
ESTONIA,[Other],S1,1-Jan,31-Dec,88,81,169,1-Jan-17,11856
ESTONIA,Tallinn,S1,1-Jan,31-Dec,120,111,231,1-Jan-17,10130
ETHIOPIA,[Other],S1,1-Jan,31-Dec,96,61,157,1-May-15,11833
ETHIOPIA,Addis Ababa,S1,1-Jan,31-Dec,315,85,400,1-Sep-12,10388
FALKLAND ISLANDS,Falkland Islands,S1,1-Jan,31-Dec,97,71,168,1-May-17,11161
FAROE ISLANDS,Faroe Islands,S1,1-Jan,31-Dec,216,92,308,1-Dec-16,11162
FIJI,[Other],S1,1-Jan,31-Dec,156,89,245,1-Aug-16,11792
FIJI,Korolevu,S1,1-Jan,31-Dec,70,79,149,1-Aug-16,12262
FIJI,Nadi,S1,1-Jan,31-Dec,187,100,287,1-Aug-16,11163
FIJI,Natadola,S1,1-Jan,31-Dec,424,149,573,1-May-16,19991
FIJI,Sigatoka,S1,1-Jan,31-Dec,145,84,229,1-Aug-16,11164
FIJI,Suva,S1,1-Jan,31-Dec,156,89,245,1-Aug-16,10259
FINLAND,[Other],S1,1-Jan,31-Dec,152,90,242,1-Jan-17,11766
FINLAND,Helsinki,S1,1-Jan,31-Dec,190,109,299,1-Jan-17,10131
FRANCE,[Other],S1,1-Jan,31-Dec,201,120,321,1-Dec-16,11855
FRANCE,Bordeaux,S1,1-Jan,31-Dec,193,122,315,1-Jan-17,10138
FRANCE,Cannes,S1,1-May,30-Sep,445,150,595,1-Jan-17,11166
FRANCE,Cannes,S2,1-Oct,30-Apr,313,137,450,1-Jan-17,11166
FRANCE,Deauville,S1,1-Jan,31-Dec,307,116,423,1-Jan-17,12087
FRANCE,Lyon,S1,1-Jan,31-Dec,205,116,321,1-Jan-17,10139
FRANCE,Marseille,S1,1-Jan,31-Dec,224,118,342,1-Jan-17,10140
FRANCE,Montpellier,S1,1-Jan,31-Dec,190,150,340,1-Jan-17,10843
FRANCE,Nice,S1,1-Jan,31-Dec,203,127,330,1-Jan-17,11412
FRANCE,Paris,S1,1-Jan,31-Dec,326,138,464,1-Jan-17,10137
FRANCE,Strasbourg,S1,1-Jan,31-Dec,225,126,351,1-Jan-17,10142
FRANCE,Toulouse,S1,1-Jan,31-Dec,213,118,331,1-Jan-17,11413
FRENCH GUIANA,French Guiana,S1,1-Jan,31-Dec,162,84,246,1-Jan-17,11173
FRENCH POLYNESIA,French Polynesia,S1,1-Jan,31-Dec,266,155,421,1-Nov-07,11174
GABON,[Other],S1,1-Jan,31-Dec,184,133,317,1-Feb-11,11834
GABON,Libreville,S1,1-Jan,31-Dec,252,110,362,1-Feb-17,10389
GEORGIA,[Other],S1,1-Jan,31-Dec,72,63,135,1-Oct-07,11767
GEORGIA,Ajara Region,S1,1-Jan,31-Dec,195,95,290,1-Dec-13,13416
GEORGIA,Borjomi,S1,1-Jan,31-Dec,91,71,162,1-Nov-07,13420
GEORGIA,Gudauri,S1,1-Apr,30-Nov,104,71,175,1-Oct-07,13414
GEORGIA,Gudauri,S2,1-Dec,31-Mar,162,77,239,1-Oct-07,13414
GEORGIA,Kutaisi,S1,1-Jan,31-Dec,85,76,161,1-Dec-13,13417
GEORGIA,Tbilisi,S1,1-Jan,31-Dec,236,105,341,1-Dec-13,10143
GERMANY,[Other],S1,1-Jan,31-Dec,168,97,265,1-Jan-17,11857
GERMANY,Berlin,S1,1-Jan,31-Dec,202,97,299,1-Jan-17,10145
GERMANY,Boeblingen,S1,1-Jan,31-Dec,205,100,305,1-Jan-17,10898
GERMANY,Bonames,S1,1-Jan,31-Dec,234,121,355,1-Jan-17,11182
GERMANY,Bonn,S1,1-Jan,31-Dec,168,97,265,1-Jan-17,10144
GERMANY,Bremen,S1,1-Jan,31-Dec,185,105,290,1-Jan-17,10856
GERMANY,Cologne,S1,1-Jan,31-Dec,207,113,320,1-Jan-17,10152
GERMANY,Dresden,S1,1-Jan,31-Dec,195,100,295,1-Jan-17,11186
GERMANY,Duesseldorf,S1,1-Jan,31-Dec,200,91,291,1-Jan-17,10146
GERMANY,Echterdingen,S1,1-Jan,31-Dec,205,100,305,1-Jan-17,11187
GERMANY,Erfurt,S1,1-Jan,31-Dec,186,112,298,1-Jan-17,11188
GERMANY,Eschborn,S1,1-Jan,31-Dec,234,121,355,1-Jan-17,11189
GERMANY,Esslingen,S1,1-Jan,31-Dec,205,100,305,1-Jan-17,11415
GERMANY,Frankfurt am Main,S1,1-Jan,31-Dec,234,121,355,1-Jan-17,10147
GERMANY,Garmisch-Partenkirchen,S1,1-Jan,31-Dec,190,121,311,1-Jan-17,10867
GERMANY,Hamburg,S1,1-Jan,31-Dec,196,97,293,1-Jan-17,10148
GERMANY,Hannover,S1,1-Jan,31-Dec,153,93,246,1-Jan-17,10151
GERMANY,Heidelberg,S1,1-Jan,31-Dec,186,112,298,1-Jan-17,10153
GERMANY,Herongen,S1,1-Jan,31-Dec,200,91,291,1-Jan-17,10862
GERMANY,Hoechst,S1,1-Jan,31-Dec,234,121,355,1-Jan-17,11423
GERMANY,Kalkar,S1,1-Jan,31-Dec,200,91,291,1-Jan-17,10863
GERMANY,Koenigswinter,S1,1-Jan,31-Dec,168,97,265,1-Jan-17,11427
GERMANY,Kornwestheim,S1,1-Jan,31-Dec,205,100,305,1-Jan-17,11429
GERMANY,Leipzig,S1,1-Jan,31-Dec,184,94,278,1-Jan-17,10623
GERMANY,Ludwigsburg,S1,1-Jan,31-Dec,205,100,305,1-Jan-17,10899
GERMANY,Mainz,S1,1-Jan,31-Dec,190,108,298,1-Jan-17,10901
GERMANY,Moenchen-Gladbach,S1,1-Jan,31-Dec,200,91,291,1-Jan-17,10861
GERMANY,Munich,S1,1-Jan,31-Dec,217,91,308,1-Jan-17,10149
GERMANY,Nellingen,S1,1-Jan,31-Dec,205,100,305,1-Jan-17,10900
GERMANY,Oberammergau,S1,1-Jan,31-Dec,190,121,311,1-Jan-17,10523
GERMANY,Offenbach,S1,1-Jan,31-Dec,234,121,355,1-Jan-17,11434
GERMANY,Roedelheim,S1,1-Jan,31-Dec,234,121,355,1-Jan-17,11439
GERMANY,Sindelfingen,S1,1-Jan,31-Dec,205,100,305,1-Jan-17,11447
GERMANY,Stuttgart,S1,1-Jan,31-Dec,205,100,305,1-Jan-17,10150
GERMANY,Tuebingen,S1,1-Jan,31-Dec,205,100,305,1-Jan-17,11451
GERMANY,Twisteden,S1,1-Jan,31-Dec,200,91,291,1-Jan-17,10864
GERMANY,Wiesbaden,S1,1-Jan,31-Dec,184,100,284,1-Jan-17,10540
GHANA,[Other],S1,1-Jan,31-Dec,120,70,190,1-Nov-16,11836
GHANA,Accra,S1,1-Jan,31-Dec,232,99,331,1-Jan-13,10391
GHANA,Takoradi,S1,1-Jan,31-Dec,200,82,282,1-May-14,19006
GIBRALTAR,Gibraltar,S1,1-Jan,31-Dec,77,53,130,1-May-17,11225
GREECE,[Other],S1,1-Jan,31-Dec,147,77,224,1-Jan-17,11894
GREECE,Athens,S1,1-Jan,31-Dec,200,116,316,1-Jan-17,10133
GREECE,Iraklion (Crete),S1,1-Jan,31-Dec,147,77,224,1-Jan-17,10916
GREENLAND,[Other],S1,1-Jan,31-Dec,170,91,261,1-Dec-16,13409
GREENLAND,Ilulissat,S1,1-Jan,31-Dec,216,114,330,1-Dec-16,13650
GREENLAND,Kangerlussuaq,S1,1-Jan,31-Dec,187,103,290,1-Dec-16,13602
GREENLAND,Nuuk,S1,1-Jan,31-Dec,244,110,354,1-Dec-16,11058
GREENLAND,Thule,S1,1-Jan,31-Dec,210,68,278,1-Sep-07,13408
GRENADA,Grenada,S1,17-Apr,19-Dec,163,114,277,1-Feb-15,11059
GRENADA,Grenada,S2,20-Dec,16-Apr,228,121,349,1-Feb-15,11059
GUADELOUPE,[Other],S1,1-Jan,31-Dec,77,80,157,1-Oct-93,11939
GUADELOUPE,Saint Martin (French Part),S1,1-May,14-Dec,110,66,176,1-May-08,11226
GUADELOUPE,Saint Martin (French Part),S2,15-Dec,30-Apr,175,73,248,1-May-08,11226
GUATEMALA,[Other],S1,1-Jan,31-Dec,106,76,182,1-Jul-07,11858
GUATEMALA,Guatemala City,S1,1-Jan,31-Dec,144,96,240,1-May-16,10062
GUINEA,[Other],S1,1-Jan,31-Dec,57,48,105,1-Dec-96,11838
GUINEA,Conakry,S1,1-Jan,31-Dec,224,103,327,1-Oct-13,10393
GUINEA-BISSAU,[Other],S1,1-Jan,31-Dec,73,44,117,1-Apr-14,11837
GUINEA-BISSAU,Bissau,S1,1-Jan,31-Dec,160,78,238,1-Apr-14,10394
GUYANA,[Other],S1,1-Jan,31-Dec,176,107,283,1-Sep-16,11741
GUYANA,Georgetown,S1,1-Jan,31-Dec,176,107,283,1-Sep-16,10051
HAITI,[Other],S1,1-Jan,31-Dec,140,40,180,1-May-13,11750
HAITI,Cap Haitien,S1,1-Jan,31-Dec,150,91,241,1-May-13,12688
HAITI,Jacmel,S1,1-Jan,31-Dec,98,75,173,1-May-13,12692
HAITI,Montrouis,S1,1-Jan,31-Dec,133,106,239,1-Feb-11,12694
HAITI,Petionville,S1,1-Jan,31-Dec,155,111,266,1-Feb-13,11018
HAITI,Port-au-Prince,S1,1-Jan,31-Dec,155,111,266,1-Feb-13,10064
HOLY SEE,Holy See,S1,1-Jan,31-Dec,343,128,471,1-Jan-17,11060
HONDURAS,[Other],S1,1-Jan,31-Dec,130,80,210,1-Jan-16,11859
HONDURAS,Bay Islands,S1,1-Jan,31-Dec,259,52,311,1-Jan-16,11227
HONDURAS,La Ceiba,S1,1-Jan,31-Dec,138,85,223,1-Jan-16,11228
HONDURAS,San Pedro Sula,S1,1-Jan,31-Dec,187,98,285,1-Jan-16,10066
HONDURAS,Tegucigalpa,S1,1-Jan,31-Dec,187,97,284,1-Jan-16,10065
HONDURAS,Tela,S1,1-Jan,31-Dec,125,86,211,1-Jan-16,11231
HONG KONG,Hong Kong,S1,1-Jan,31-Dec,355,180,535,1-Mar-15,10261
HUNGARY,[Other],S1,1-Jan,31-Dec,90,62,152,1-Jan-17,11768
HUNGARY,Budapest,S1,1-Jan,31-Dec,190,103,293,1-Jan-17,10158
HUNGARY,Papa,S1,1-Jan,31-Dec,90,62,152,1-Jan-17,13846
ICELAND,[Other],S1,1-Jan,31-Dec,142,134,276,1-Apr-17,11860
ICELAND,Akureyri,S1,1-Jan,31-Dec,143,134,277,1-Apr-17,13942
ICELAND,Reykjavik,S1,15-May,1-Oct,237,146,383,1-Apr-17,10160
ICELAND,Reykjavik,S2,2-Oct,14-May,178,140,318,1-Apr-17,10160
INDIA,[Other],S1,1-Jan,31-Dec,200,91,291,1-Apr-11,11810
INDIA,Agra,S1,1-Jan,31-Dec,181,114,295,1-Jan-15,11232
INDIA,Bangalore,S1,1-Jan,31-Dec,364,110,474,1-Nov-06,11233
INDIA,Chennai,S1,1-Jan,31-Dec,300,111,411,1-May-11,10336
INDIA,Goa,S1,1-Jan,31-Dec,149,53,202,1-Oct-15,13550
INDIA,Hyderabad,S1,1-Jan,31-Dec,235,110,345,1-Aug-11,11235
INDIA,Kolkata,S1,1-Jan,31-Dec,225,87,312,1-May-17,10335
INDIA,Mumbai,S1,1-Jan,31-Dec,389,126,515,1-Jan-08,10334
INDIA,New Delhi,S1,1-Jan,31-Dec,291,109,400,1-Feb-11,10333
INDIA,Pune,S1,1-Jan,31-Dec,273,72,345,1-Feb-07,13551
INDIA,Trivandrum,S1,1-Jan,31-Dec,182,56,238,1-Jan-05,12368
INDONESIA,[Other],S1,1-Jan,31-Dec,90,56,146,1-Oct-08,11794
INDONESIA,Bali,S1,1-Jan,31-Dec,255,138,393,1-Apr-11,11236
INDONESIA,Bandung,S1,1-Jan,31-Dec,218,107,325,1-Sep-13,10753
INDONESIA,Denpasar,S1,1-Jan,31-Dec,255,138,393,1-Apr-11,19023
INDONESIA,Jakarta,S1,1-Jan,31-Dec,258,104,362,1-Jan-12,10262
INDONESIA,Jayapura,S1,1-Jan,31-Dec,127,40,167,1-Nov-00,11238
INDONESIA,Medan,S1,1-Jan,31-Dec,90,56,146,1-Oct-08,10271
INDONESIA,Surabaya,S1,1-Jan,31-Dec,191,138,329,1-Sep-15,10272
INDONESIA,"Timika, Irian Jaya",S1,1-Jan,31-Dec,254,68,322,1-Jun-00,12456
IRAN,[Other],S1,1-Jan,31-Dec,97,58,155,1-Sep-93,11940
IRAN,Tehran,S1,1-Jan,31-Dec,97,58,155,1-Sep-93,11239
IRAQ,[Other],S1,1-Jan,31-Dec,247,82,329,1-Dec-15,11895
IRAQ,Baghdad,S1,1-Jan,31-Dec,0,11,11,1-Oct-04,10344
IRAQ,Erbil,S1,1-Jan,31-Dec,211,65,276,1-Dec-11,15013
IRELAND,[Other],S1,1-Jan,31-Dec,146,92,238,1-Jan-17,11874
IRELAND,Cork,S1,1-Jan,31-Dec,152,105,257,1-Jan-17,12449
IRELAND,Dublin,S1,1-Jan,31-Dec,217,122,339,1-Jan-17,10162
IRELAND,Galway,S1,1-Jan,31-Dec,162,104,266,1-Jan-17,12429
ISRAEL,[Other],S1,1-Jan,31-Dec,305,146,451,1-Mar-16,11811
ISRAEL,Eilat,S1,1-Jan,31-Dec,370,140,510,1-Mar-16,11240
ISRAEL,En Boqeq,S1,1-Jan,31-Dec,300,122,422,1-Mar-16,11241
ISRAEL,Haifa,S1,1-Jan,31-Dec,290,132,422,1-Mar-16,11397
ISRAEL,Herzliya-Pituach,S1,1-Jan,31-Dec,380,153,533,1-Feb-16,15025
ISRAEL,Sedom,S1,1-Jan,31-Dec,300,122,422,1-Mar-16,11398
ISRAEL,Tel Aviv,S1,1-Jan,31-Dec,390,181,571,1-Feb-16,10345
ISRAEL,Tiberias,S1,1-Jan,31-Dec,305,146,451,1-Mar-16,12370
ITALY,[Other],S1,1-Jan,31-Dec,185,110,295,1-Jan-17,11769
ITALY,Bari,S1,1-Jan,31-Dec,234,132,366,1-Jan-17,11246
ITALY,Bologna,S1,1-Jan,31-Dec,261,116,377,1-Jan-17,11456
ITALY,Bolzano,S1,1-Jan,31-Dec,133,102,235,1-Jan-17,15041
ITALY,Capri,S1,1-Jan,31-Dec,395,159,554,1-Jan-17,15011
ITALY,Catania,S1,1-Jan,31-Dec,249,134,383,1-Jan-17,10928
ITALY,Como,S1,1-Jan,31-Dec,299,152,451,1-Jan-17,13967
ITALY,Ferrara,S1,1-Jan,31-Dec,158,104,262,1-Jan-17,11460
ITALY,Florence,S1,1-Jan,31-Dec,261,123,384,1-Jan-17,10164
ITALY,Gaeta,S1,15-May,15-Sep,131,66,197,1-Jan-17,10930
ITALY,Gaeta,S2,16-Sep,14-May,101,63,164,1-Jan-17,10930
ITALY,Genoa,S1,1-Jan,31-Dec,217,111,328,1-Jan-17,10165
ITALY,La Spezia,S1,1-Jan,31-Dec,135,98,233,1-Jan-17,10931
ITALY,Milan,S1,1-Jan,31-Dec,288,194,482,1-Mar-17,10166
ITALY,Modena,S1,1-Jan,31-Dec,163,86,249,1-Jan-17,11465
ITALY,Naples,S1,1-Jan,31-Dec,171,139,310,1-Jan-17,10167
ITALY,Palermo,S1,1-Jan,31-Dec,215,116,331,1-Jan-17,10168
ITALY,Pisa,S1,1-Jan,31-Dec,130,87,217,1-Jan-17,10933
ITALY,Pordenone-Aviano,S1,1-Jan,31-Dec,83,69,152,1-Jan-17,10934
ITALY,Ravenna,S1,1-Jan,31-Dec,136,97,233,1-Jan-17,11468
ITALY,Reggio Emilia,S1,1-Jan,31-Dec,160,104,264,1-Jan-17,11470
ITALY,Rimini,S1,1-Jan,31-Dec,170,114,284,1-Jan-17,10935
ITALY,Rome,S1,1-Jan,31-Dec,343,128,471,1-Jan-17,10163
ITALY,Siena,S1,1-Jan,31-Dec,249,108,357,1-Jan-17,11471
ITALY,Taormina,S1,1-Jan,31-Dec,249,134,383,1-Jan-17,11473
ITALY,Treviso,S1,1-Jan,31-Dec,174,103,277,1-Jan-17,13847
ITALY,Trieste,S1,1-Jan,31-Dec,207,101,308,1-Jan-17,12157
ITALY,Turin,S1,1-Jan,31-Dec,227,137,364,1-Jan-17,10170
ITALY,Venice,S1,1-Jan,31-Dec,348,137,485,1-Jan-17,11479
ITALY,Verona,S1,1-Jan,31-Dec,174,83,257,1-Jan-17,10936
ITALY,Vicenza,S1,1-Jan,31-Dec,88,65,153,1-Jan-17,10937
JAMAICA,[Other],S1,1-Jan,31-Dec,211,101,312,1-Mar-15,11861
JAMAICA,Kingston,S1,1-Jan,31-Dec,211,101,312,1-Mar-15,10068
JAMAICA,Montego Bay,S1,2-Sep,30-Nov,209,86,295,1-Mar-15,13870
JAMAICA,Montego Bay,S2,1-Dec,1-Sep,316,96,412,1-Mar-15,13870
JAPAN,[Other],S1,1-Jan,31-Dec,154,96,250,1-May-17,11795
JAPAN,Akashi,S1,1-Jan,31-Dec,288,154,442,1-May-17,11268
JAPAN,Akita,S1,1-Jan,31-Dec,111,104,215,1-May-17,11269
JAPAN,Amagasaki,S1,1-Jan,31-Dec,288,154,442,1-May-17,11270
JAPAN,Aomori,S1,1-Jan,31-Dec,101,106,207,1-May-17,11276
JAPAN,Asahikawa,S1,1-Jan,31-Dec,108,89,197,1-May-17,11326
JAPAN,Ashiya,S1,1-Jan,31-Dec,161,161,322,1-May-17,11327
JAPAN,Awashima,S1,1-Jan,31-Dec,302,208,510,1-May-17,11328
JAPAN,Beppu,S1,1-Jan,31-Dec,185,110,295,1-May-17,11329
JAPAN,Chitose,S1,1-Jan,31-Dec,104,83,187,1-May-17,10771
JAPAN,Fukui,S1,1-Jan,31-Dec,89,76,165,1-May-17,11331
JAPAN,Fukuoka,S1,1-Jan,31-Dec,174,149,323,1-May-17,10274
JAPAN,Fukuyama,S1,1-Jan,31-Dec,89,83,172,1-May-17,11334
JAPAN,Gifu,S1,1-Jan,31-Dec,176,121,297,1-May-17,11335
JAPAN,Hamamatsu,S1,1-Jan,31-Dec,156,89,245,1-May-17,12634
JAPAN,Hiroshima,S1,1-Jan,31-Dec,137,107,244,1-May-17,11337
JAPAN,Itazuke,S1,1-Jan,31-Dec,174,149,323,1-May-17,11338
JAPAN,Izumisano,S1,1-Jan,31-Dec,197,93,290,1-May-17,12488
JAPAN,Kagoshima,S1,1-Jan,31-Dec,162,91,253,1-May-17,11340
JAPAN,Kanazawa,S1,1-Jan,31-Dec,104,97,201,1-May-17,11341
JAPAN,Kitakyushu,S1,1-Jan,31-Dec,173,117,290,1-May-17,11342
JAPAN,Kochi,S1,1-Jan,31-Dec,130,82,212,1-May-17,11343
JAPAN,Komaki,S1,1-Jan,31-Dec,130,118,248,1-May-17,11344
JAPAN,Kumamoto,S1,1-Jan,31-Dec,200,104,304,1-May-17,11345
JAPAN,Kurashiki,S1,1-Jan,31-Dec,228,169,397,1-May-17,12160
JAPAN,Kure,S1,1-Jan,31-Dec,120,120,240,1-May-17,11346
JAPAN,Kushiro,S1,1-Jan,31-Dec,84,88,172,1-May-17,12284
JAPAN,Kyoto,S1,1-Jan,31-Dec,206,173,379,1-May-17,10280
JAPAN,Matsue,S1,1-Jan,31-Dec,89,79,168,1-May-17,11347
JAPAN,Matsuyama,S1,1-Jan,31-Dec,128,117,245,1-May-17,11348
JAPAN,Miyazaki City,S1,1-Jan,31-Dec,267,128,395,1-May-17,11350
JAPAN,Morioka,S1,1-Jan,31-Dec,118,84,202,1-May-17,11351
JAPAN,Nagasaki,S1,1-Jan,31-Dec,228,132,360,1-May-17,11352
JAPAN,Nagoya,S1,1-Jan,31-Dec,189,130,319,1-May-17,10276
JAPAN,Nara,S1,1-Jan,31-Dec,113,98,211,1-May-17,11354
JAPAN,Narita,S1,1-Jan,31-Dec,190,93,283,1-May-17,11355
JAPAN,Niigata,S1,1-Jan,31-Dec,82,101,183,1-May-17,11356
JAPAN,Nishinomiya,S1,1-Jan,31-Dec,161,161,322,1-May-17,11357
JAPAN,Obihiro,S1,1-Jan,31-Dec,129,87,216,1-May-17,11361
JAPAN,Oita,S1,1-Jan,31-Dec,120,105,225,1-May-17,11364
JAPAN,Okayama,S1,1-Jan,31-Dec,153,126,279,1-May-17,11365
JAPAN,Okinawa Prefecture,S1,1-May,14-Sep,275,117,392,1-May-17,10278
JAPAN,Okinawa Prefecture,S2,15-Sep,30-Apr,169,106,275,1-May-17,10278
JAPAN,Osaka-Kobe,S1,1-Jan,31-Dec,288,154,442,1-May-17,10275
JAPAN,Otsu,S1,1-Jan,31-Dec,132,127,259,1-May-17,11366
JAPAN,Oyama,S1,1-Jan,31-Dec,91,92,183,1-May-17,11367
JAPAN,Sapporo,S1,15-Mar,30-Apr,168,106,274,1-May-17,10277
JAPAN,Sapporo,S2,1-May,31-Oct,197,109,306,1-May-17,10277
JAPAN,Sapporo,S3,1-Nov,30-Nov,168,106,274,1-May-17,10277
JAPAN,Sapporo,S4,1-Dec,14-Mar,197,109,306,1-May-17,10277
JAPAN,Sasebo,S1,1-Jan,31-Dec,126,109,235,1-May-17,11368
JAPAN,Sendai,S1,1-Jan,31-Dec,171,110,281,1-May-17,11369
JAPAN,Shiga,S1,1-Jan,31-Dec,132,127,259,1-May-17,12159
JAPAN,Takamatsu,S1,1-Jan,31-Dec,113,90,203,1-May-17,11370
JAPAN,Takayama,S1,1-Jan,31-Dec,152,109,261,1-May-17,11373
JAPAN,Tokushima,S1,1-Jan,31-Dec,109,92,201,1-May-17,11374
JAPAN,Tokyo City,S1,1-Jan,31-Dec,278,229,507,1-May-17,10273
JAPAN,Tokyo-To,S1,1-Jan,31-Dec,158,106,264,1-May-17,11480
JAPAN,Tottori,S1,1-Jan,31-Dec,103,113,216,1-May-17,11483
JAPAN,Toyama,S1,1-Jan,31-Dec,139,107,246,1-May-17,11484
JAPAN,Toyonaka,S1,1-Jan,31-Dec,136,150,286,1-May-17,11485
JAPAN,Tsu,S1,1-Jan,31-Dec,141,109,250,1-May-17,11486
JAPAN,Wakayama,S1,1-Jan,31-Dec,141,120,261,1-May-17,11487
JAPAN,Yamato,S1,1-Jan,31-Dec,140,84,224,1-May-17,11488
JAPAN,Yokohama,S1,1-Jan,31-Dec,130,126,256,1-May-17,10281
JAPAN,Yokota,S1,1-Jan,31-Dec,131,79,210,1-May-17,12022
JAPAN,Yufuin,S1,1-Jan,31-Dec,165,104,269,1-May-17,12847
JERUSALEM,Jerusalem,S1,1-Jan,31-Dec,380,138,518,1-Mar-16,11061
JORDAN,[Other],S1,1-Jan,31-Dec,146,105,251,1-Mar-09,11812
JORDAN,Amman,S1,1-Jan,31-Dec,249,141,390,1-May-13,10347
JORDAN,Aqaba,S1,1-Jan,31-Dec,146,105,251,1-Mar-09,12025
JORDAN,Dead Sea/Jordan Valley,S1,15-Mar,15-Jun,215,118,333,1-Mar-09,13404
JORDAN,Dead Sea/Jordan Valley,S2,16-Jun,14-Mar,199,117,316,1-Mar-09,13404
JORDAN,Petra,S1,1-Jan,31-Dec,176,125,301,1-May-13,13917
KAZAKHSTAN,[Other],S1,1-Jan,31-Dec,138,98,236,1-Apr-09,11771
KAZAKHSTAN,Aktau,S1,1-Jan,31-Dec,213,93,306,1-Apr-09,19005
KAZAKHSTAN,Almaty,S1,1-Jan,31-Dec,217,99,316,1-Feb-14,10172
KAZAKHSTAN,Astana,S1,1-Jan,31-Dec,240,133,373,1-Sep-13,12712
KENYA,[Other],S1,1-Jan,31-Dec,115,79,194,1-Jun-08,11840
KENYA,Lamu,S1,16-Jan,30-Jun,221,112,333,1-Jun-08,13387
KENYA,Lamu,S2,1-Jul,15-Jan,300,120,420,1-Jun-08,13387
KENYA,Malindi,S1,16-Jan,30-Jun,237,86,323,1-Mar-12,13391
KENYA,Malindi,S2,1-Jul,15-Jan,300,93,393,1-Mar-12,13391
KENYA,Mara Area Region,S1,16-Jan,30-Jun,250,28,278,1-Jun-08,13916
KENYA,Mara Area Region,S2,1-Jul,15-Jan,300,33,333,1-Jun-08,13916
KENYA,Mombasa,S1,1-Jan,31-Dec,165,106,271,1-Jun-08,10396
KENYA,Mt. Kenya Area,S1,16-Jan,30-Jun,220,75,295,1-Jun-08,13392
KENYA,Mt. Kenya Area,S2,1-Jul,15-Jan,300,83,383,1-Jun-08,13392
KENYA,Nairobi,S1,1-Jan,31-Dec,290,120,410,1-Feb-11,10395
KENYA,Nanyuki,S1,1-Jan,31-Dec,38,20,58,1-Mar-12,11490
KENYA,Watamu,S1,1-Jan,31-Dec,219,103,322,1-Jun-08,13503
KIRIBATI,[Other],S1,1-Jan,31-Dec,75,45,120,1-Mar-17,11919
KIRIBATI,Christmas Island,S1,1-Jan,31-Dec,76,64,140,1-Aug-10,11601
KIRIBATI,Kiribati,S1,1-Jan,31-Dec,97,53,150,1-Feb-17,11062
KOREA,[Other],S1,1-Jan,31-Dec,75,50,125,1-Dec-16,12185
KOREA,Busan,S1,1-Jan,31-Dec,233,140,373,1-Dec-16,10284
KOREA,Changwon,S1,1-Jan,31-Dec,120,69,189,1-Dec-16,10781
KOREA,Cheju,S1,1-Jan,31-Dec,225,103,328,1-Dec-16,11602
KOREA,Chinju,S1,1-Jan,31-Dec,86,67,153,1-Dec-16,12133
KOREA,Chongju,S1,1-Jan,31-Dec,71,53,124,1-Dec-16,11603
KOREA,Chonju,S1,1-Jan,31-Dec,150,72,222,1-Dec-16,12183
KOREA,Chung Ju,S1,1-Jan,31-Dec,85,59,144,1-Dec-16,12442
KOREA,Incheon,S1,1-Jan,31-Dec,155,94,249,1-Dec-16,12804
KOREA,Kimhae,S1,1-Jan,31-Dec,66,67,133,1-Dec-16,10793
KOREA,Kumi,S1,1-Jan,31-Dec,105,76,181,1-Dec-16,13517
KOREA,Kwangju,S1,1-Jan,31-Dec,156,137,293,1-Dec-16,10285
KOREA,Kyongju,S1,1-Jan,31-Dec,137,92,229,1-Dec-16,11604
KOREA,Masan,S1,1-Jan,31-Dec,62,74,136,1-Dec-16,11605
KOREA,Pyeongchang,S1,1-Jan,31-Dec,201,85,286,1-Dec-16,19992
KOREA,Pyongtaek,S1,1-Jan,31-Dec,80,62,142,1-Dec-16,10792
KOREA,Seoul,S1,1-Jan,31-Dec,230,137,367,1-Dec-16,10283
KOREA,Sokcho,S1,1-Jan,31-Dec,114,85,199,1-Dec-16,12732
KOREA,Taegu,S1,1-Jan,31-Dec,129,127,256,1-Dec-16,10286
KOREA,Taejon,S1,1-Jan,31-Dec,116,77,193,1-Dec-16,11606
KOREA,Uijongbu,S1,1-Jan,31-Dec,75,50,125,1-Dec-16,10799
KOREA,Ulsan,S1,1-Jan,31-Dec,184,99,283,1-Dec-16,11607
KOSOVO,[Other],S1,1-Jan,31-Dec,56,46,102,1-Jul-08,13886
KOSOVO,Pristina,S1,1-Jan,31-Dec,92,61,153,1-Jan-17,13885
KUWAIT,[Other],S1,1-Jan,31-Dec,327,105,432,1-Apr-15,11813
KUWAIT,Kuwait City,S1,1-Jan,31-Dec,327,105,432,1-Apr-15,10348
KYRGYZSTAN,[Other],S1,1-Jan,31-Dec,75,53,128,1-Apr-12,11772
KYRGYZSTAN,Bishkek,S1,1-Jan,31-Dec,224,87,311,1-Apr-12,10173
KYRGYZSTAN,Issyk-Kul Region,S1,1-Jan,31-Dec,130,62,192,1-Apr-12,13580
LAOS,[Other],S1,1-Jan,31-Dec,110,81,191,1-Jul-12,11796
LAOS,Luang Prabang,S1,1-Jan,31-Dec,184,89,273,1-Jul-12,13549
LAOS,Vientiane,S1,1-Jan,31-Dec,120,92,212,1-Jul-12,10288
LATVIA,[Other],S1,1-Jan,31-Dec,215,129,344,1-Apr-16,11773
LATVIA,Riga,S1,1-Jan,31-Dec,215,129,344,1-Apr-16,10174
LEBANON,[Other],S1,1-Jan,31-Dec,135,75,210,1-Mar-13,11864
LEBANON,Beirut,S1,1-Jan,31-Dec,135,75,210,1-Mar-13,10349
LESOTHO,[Other],S1,1-Jan,31-Dec,108,86,194,1-Jul-12,11823
LESOTHO,Maseru,S1,1-Jan,31-Dec,141,74,215,1-Nov-16,10374
LIBERIA,[Other],S1,1-Jan,31-Dec,70,46,116,1-Jun-06,11841
LIBERIA,Monrovia,S1,1-Jan,31-Dec,200,95,295,1-Jan-13,10398
LIBYA,[Other],S1,1-Jan,31-Dec,81,79,160,1-Sep-93,11943
LIBYA,Benghazi,S1,1-Jan,31-Dec,117,79,196,1-Sep-93,11686
LIBYA,Misurata,S1,1-Jan,31-Dec,117,79,196,1-Sep-93,11687
LIBYA,Sirte,S1,1-Jan,31-Dec,117,79,196,1-Sep-93,11688
LIBYA,Tripoli,S1,1-Jan,31-Dec,0,21,21,1-Oct-13,11689
LIECHTENSTEIN,Liechtenstein,S1,1-Jan,31-Dec,235,157,392,1-Jan-17,11691
LITHUANIA,[Other],S1,1-Jan,31-Dec,130,92,222,1-Feb-14,11774
LITHUANIA,Palanga,S1,1-Jun,30-Sep,200,111,311,1-Sep-15,13941
LITHUANIA,Palanga,S2,1-Oct,31-May,160,107,267,1-Sep-15,13941
LITHUANIA,Vilnius,S1,1-Jan,31-Dec,200,117,317,1-Dec-16,10175
LUXEMBOURG,Luxembourg,S1,1-Jan,31-Dec,261,117,378,1-Jan-17,11063
MACAU,Macau,S1,1-Jan,31-Dec,321,120,441,1-May-08,11692
MACEDONIA,[Other],S1,1-Jan,31-Dec,89,92,181,1-Aug-14,11966
MACEDONIA,Ohrid,S1,1-Jan,31-Dec,89,92,181,1-Aug-14,19994
MACEDONIA,Skopje,S1,1-Jan,31-Dec,160,73,233,1-May-16,11964
MADAGASCAR,[Other],S1,1-Jan,31-Dec,113,54,167,1-Mar-09,11865
MADAGASCAR,Antananarivo,S1,1-Jan,31-Dec,158,79,237,1-Mar-09,10399
MADAGASCAR,Nosy Be,S1,1-Jan,31-Dec,145,68,213,1-Mar-09,13402
MALAWI,[Other],S1,1-Jan,31-Dec,117,89,206,1-Jan-13,11842
MALAWI,Blantyre,S1,1-Jan,31-Dec,146,97,243,1-Mar-10,11491
MALAWI,Lilongwe,S1,1-Jan,31-Dec,150,93,243,1-Mar-10,10400
MALAWI,Mangochi,S1,1-Jan,31-Dec,117,89,206,1-Jan-13,12107
MALAWI,Salima,S1,1-Jan,31-Dec,160,114,274,1-Jan-13,12580
MALAYSIA,[Other],S1,1-Jan,31-Dec,94,46,140,1-Dec-16,11797
MALAYSIA,"Kota Kinabalu, Sabah",S1,1-Jan,31-Dec,90,50,140,1-Dec-16,11609
MALAYSIA,Kuala Lumpur,S1,1-Jan,31-Dec,186,77,263,1-Dec-16,10289
MALAYSIA,Kuantan,S1,1-Jan,31-Dec,77,51,128,1-Dec-16,12871
MALAYSIA,Langkawi,S1,1-Jan,31-Dec,233,104,337,1-Dec-16,15032
MALAYSIA,Melaka,S1,1-Jan,31-Dec,64,48,112,1-Dec-16,15008
MALAYSIA,Penang,S1,1-Jan,31-Dec,84,50,134,1-Dec-16,12027
MALDIVES,Maldives,S1,1-Jan,31-Dec,321,117,438,1-May-12,11694
MALI,[Other],S1,1-Jan,31-Dec,61,41,102,1-Feb-17,11866
MALI,Bamako,S1,1-Jan,31-Dec,120,95,215,1-Feb-17,10401
MALTA,Malta,S1,1-Jan,31-Dec,286,135,421,1-Dec-16,11064
MARSHALL ISLANDS,[Other],S1,1-Jan,31-Dec,50,33,83,1-Feb-07,11803
MARSHALL ISLANDS,Kwajalein Atoll,S1,1-Jan,31-Dec,130,46,176,1-Jul-11,11610
MARSHALL ISLANDS,Likiep Atoll,S1,1-Jan,31-Dec,76,37,113,1-Feb-07,13598
MARSHALL ISLANDS,Majuro,S1,1-Jan,31-Dec,139,76,215,1-Nov-12,10321
MARTINIQUE,Martinique,S1,1-Jan,31-Dec,169,128,297,1-Jun-16,10060
MAURITANIA,[Other],S1,1-Jan,31-Dec,43,35,78,1-May-16,11907
MAURITANIA,Kaedi,S1,1-Jan,31-Dec,43,33,76,1-May-16,13554
MAURITANIA,Nouadhibou,S1,1-Jan,31-Dec,73,56,129,1-May-16,11495
MAURITANIA,Nouakchott,S1,1-Jan,31-Dec,116,73,189,1-May-16,10402
MAURITIUS,Mauritius,S1,1-Jan,31-Dec,127,84,211,1-Apr-15,11065
MAYOTTE ISLANDS,Mayotte Islands,S1,1-Jan,31-Dec,103,63,166,1-Jan-17,19007
MEXICO,[Other],S1,1-Jan,31-Dec,102,65,167,1-Dec-00,11751
MEXICO,Acapulco,S1,1-Jan,31-Dec,170,92,262,1-Dec-00,11629
MEXICO,Cabo San Lucas,S1,1-Jan,31-Dec,273,108,381,1-Mar-12,11631
MEXICO,Campeche,S1,1-Jan,31-Dec,106,85,191,1-Jul-14,11632
MEXICO,Cancun,S1,1-Jan,31-Dec,242,119,361,1-Jun-14,11633
MEXICO,Chihuahua,S1,1-Jan,31-Dec,96,87,183,1-May-15,11634
MEXICO,Ciudad Juarez,S1,1-Jan,31-Dec,66,68,134,1-May-15,10070
MEXICO,Ciudad Victoria,S1,1-Jan,31-Dec,96,55,151,1-May-04,12029
MEXICO,Colima,S1,1-Jan,31-Dec,119,76,195,1-Oct-13,11638
MEXICO,Cozumel,S1,1-Jan,31-Dec,151,79,230,1-Sep-99,11639
MEXICO,Cuernavaca,S1,1-Jan,31-Dec,138,73,211,1-Dec-00,11022
MEXICO,Culiacan,S1,1-Jan,31-Dec,79,48,127,1-Nov-99,12233
MEXICO,Ensenada,S1,1-Jan,31-Dec,141,69,210,1-Jun-01,11641
MEXICO,Guadalajara,S1,1-Jan,31-Dec,180,91,271,1-Feb-16,10071
MEXICO,Hermosillo,S1,1-Jan,31-Dec,115,59,174,1-Oct-99,10085
MEXICO,Huatulco,S1,1-Jan,31-Dec,132,83,215,1-Dec-00,12724
MEXICO,Ixtapa Zihuatanejo,S1,1-Jan,31-Dec,99,88,187,1-Dec-00,11644
MEXICO,La Paz,S1,1-Jan,31-Dec,130,59,189,1-Jun-01,11645
MEXICO,Manzanillo,S1,1-Jan,31-Dec,145,84,229,1-Nov-13,11648
MEXICO,Matamoros,S1,1-Jan,31-Dec,87,64,151,1-Apr-07,10072
MEXICO,Mazatlan,S1,1-Jan,31-Dec,130,56,186,1-Oct-02,10080
MEXICO,Merida,S1,1-Jan,31-Dec,150,90,240,1-Aug-15,10073
MEXICO,Mexicali,S1,1-Jan,31-Dec,160,62,222,1-Jun-01,11650
MEXICO,"Mexico City, D.F.",S1,1-Jan,31-Dec,244,118,362,1-Apr-13,10069
MEXICO,Monterrey,S1,1-Jan,31-Dec,165,92,257,1-Jan-09,10075
MEXICO,Morelia,S1,1-Jan,31-Dec,108,64,172,1-Dec-00,11652
MEXICO,Nogales,S1,1-Jan,31-Dec,132,61,193,1-Mar-05,11653
MEXICO,Nuevo Laredo,S1,1-Jan,31-Dec,76,84,160,1-Apr-11,10077
MEXICO,"Playa del Carmen, Quintana Roo",S1,1-Jan,31-Dec,132,97,229,1-Jun-14,13821
MEXICO,Puebla,S1,1-Jan,31-Dec,138,73,211,1-May-17,12720
MEXICO,Puerto Penasco,S1,1-Jan,31-Dec,241,121,362,1-Dec-16,13436
MEXICO,Puerto Vallarta,S1,1-Jan,31-Dec,181,99,280,1-Nov-13,11655
MEXICO,Queretaro,S1,1-Jan,31-Dec,120,59,179,1-May-17,12030
MEXICO,San Carlos,S1,1-Jan,31-Dec,111,51,162,1-Jul-99,11657
MEXICO,San Miguel de Allende,S1,1-Jan,31-Dec,120,59,179,1-Dec-00,11662
MEXICO,Tapachula,S1,1-Jan,31-Dec,94,57,151,1-Dec-93,10462
MEXICO,Tijuana,S1,1-Jan,31-Dec,126,78,204,1-Mar-14,10078
MEXICO,Valle del Bravo,S1,1-Jan,31-Dec,242,95,337,1-Feb-13,15061
MEXICO,Veracruz,S1,1-Jan,31-Dec,120,71,191,1-Dec-00,10079
MEXICO,Zacatecas,S1,1-Jan,31-Dec,134,63,197,1-Sep-05,11665
MICRONESIA,[Other],S1,1-Jan,31-Dec,120,65,185,1-Jul-14,11868
MICRONESIA,Chuuk,S1,1-Jan,31-Dec,120,65,185,1-Jul-14,10800
MICRONESIA,Kosrae,S1,1-Jan,31-Dec,125,73,198,1-Jul-14,10801
MICRONESIA,Pohnpei,S1,1-Jan,31-Dec,129,72,201,1-Jul-14,10802
MICRONESIA,Yap,S1,1-Jan,31-Dec,127,71,198,1-Jul-14,10803
MOLDOVA,[Other],S1,1-Jan,31-Dec,161,73,234,1-Feb-10,11869
MOLDOVA,Chisinau,S1,1-Jan,31-Dec,161,73,234,1-Feb-10,10178
MONACO,Monaco,S1,1-Jan,31-Dec,392,117,509,1-Jan-17,11695
MONGOLIA,[Other],S1,1-Jan,31-Dec,90,71,161,1-Jan-14,11798
MONGOLIA,Ulaanbaatar,S1,1-Jan,31-Dec,185,100,285,1-Jan-14,10294
MONTENEGRO,[Other],S1,1-Jan,31-Dec,181,75,256,1-Jan-17,13600
MONTENEGRO,Podgorica,S1,1-Jan,31-Dec,181,75,256,1-Jan-17,13596
MONTSERRAT,Montserrat,S1,1-May,30-Nov,70,55,125,1-Aug-10,19019
MONTSERRAT,Montserrat,S2,1-Dec,30-Apr,105,59,164,1-Aug-10,19019
MOROCCO,[Other],S1,1-Jan,31-Dec,131,67,198,1-Apr-15,11896
MOROCCO,Agadir,S1,1-Jan,31-Dec,146,59,205,1-Apr-15,11399
MOROCCO,Casablanca,S1,1-Jan,31-Dec,192,85,277,1-Apr-15,10352
MOROCCO,Fes,S1,1-Jan,31-Dec,215,83,298,1-Apr-15,11401
MOROCCO,Marrakech,S1,1-Jan,31-Dec,199,77,276,1-Apr-15,11032
MOROCCO,Rabat,S1,1-Jan,31-Dec,148,79,227,1-Apr-15,10351
MOROCCO,Tangier,S1,1-Jan,31-Dec,165,77,242,1-Apr-15,10353
MOROCCO,Taroudant,S1,1-Jan,31-Dec,155,63,218,1-Apr-15,11405
MOZAMBIQUE,[Other],S1,1-Jan,31-Dec,189,114,303,1-Jun-14,11870
MOZAMBIQUE,Maputo,S1,1-Jan,31-Dec,220,110,330,1-Apr-15,10404
MOZAMBIQUE,Pemba,S1,1-Jan,31-Dec,189,114,303,1-Jun-14,19020
NAMIBIA,[Other],S1,1-Jan,31-Dec,65,53,118,1-Mar-17,11847
NAMIBIA,Etosha,S1,1-Jan,31-Dec,80,44,124,1-Mar-17,12806
NAMIBIA,Swakopmund,S1,1-Jan,31-Dec,105,57,162,1-Mar-17,12561
NAMIBIA,Walvis Bay,S1,1-Jan,31-Dec,80,53,133,1-Mar-17,15052
NAMIBIA,Windhoek,S1,1-Jan,31-Dec,150,92,242,1-Jul-13,10405
NAURU,Nauru,S1,1-Jan,31-Dec,148,101,249,1-Sep-12,11696
NEPAL,[Other],S1,1-Jan,31-Dec,129,59,188,1-Jan-14,11814
NEPAL,Kathmandu,S1,1-Jan,31-Dec,166,91,257,1-Jan-14,10355
NEPAL,Pokhara,S1,1-Jan,31-Dec,124,60,184,1-Jan-14,11034
NETHERLANDS,[Other],S1,1-Jan,31-Dec,173,109,282,1-Jan-17,11776
NETHERLANDS,Amsterdam,S1,1-Jan,31-Dec,218,133,351,1-Jan-17,10180
NETHERLANDS,Coevorden,S1,1-Jan,31-Dec,147,109,256,1-Jan-17,11513
NETHERLANDS,Eindhoven,S1,1-Jan,31-Dec,196,103,299,1-Jan-17,13545
NETHERLANDS,Lisse,S1,1-Jan,31-Dec,162,117,279,1-Jan-17,11519
NETHERLANDS,Maastricht,S1,1-Jan,31-Dec,221,131,352,1-Jan-17,11510
NETHERLANDS,Noordwijk,S1,1-Jan,31-Dec,179,97,276,1-Jan-17,11520
NETHERLANDS,Papendrecht,S1,1-Jan,31-Dec,179,119,298,1-Jan-17,11515
NETHERLANDS,Rotterdam,S1,1-Jan,31-Dec,179,119,298,1-Jan-17,10181
NETHERLANDS,Schiphol,S1,1-Jan,31-Dec,190,109,299,1-Jan-17,10938
NETHERLANDS,The Hague,S1,1-Jan,31-Dec,185,105,290,1-Jan-17,10179
NETHERLANDS,Utrecht,S1,1-Jan,31-Dec,154,109,263,1-Jan-17,11521
NETHERLANDS,Ypenburg,S1,1-Jan,31-Dec,185,105,290,1-Jan-17,11514
NETHERLANDS ANTILLES,[Other],S1,15-Apr,14-Dec,118,88,206,1-May-08,11752
NETHERLANDS ANTILLES,[Other],S2,15-Dec,14-Apr,155,91,246,1-May-08,11752
NETHERLANDS ANTILLES,Aruba,S1,4-Apr,18-Dec,198,117,315,1-May-08,11024
NETHERLANDS ANTILLES,Aruba,S2,19-Dec,3-Apr,257,123,380,1-May-08,11024
NETHERLANDS ANTILLES,Bonaire,S1,15-Apr,14-Dec,118,88,206,1-May-08,11666
NETHERLANDS ANTILLES,Bonaire,S2,15-Dec,14-Apr,155,91,246,1-May-08,11666
NETHERLANDS ANTILLES,Curacao,S1,1-Jan,31-Dec,194,111,305,1-Nov-12,10088
NETHERLANDS ANTILLES,Saba,S1,1-Jan,31-Dec,186,113,299,1-May-08,12395
NETHERLANDS ANTILLES,Sint Maarten (Dutch Part),S1,1-Jan,31-Dec,180,121,301,1-Nov-12,11667
NEW CALEDONIA,New Caledonia,S1,1-Jan,31-Dec,192,97,289,1-Jul-08,11697
NEW ZEALAND,[Other],S1,1-Jan,31-Dec,120,97,217,1-Apr-17,11871
NEW ZEALAND,Auckland,S1,1-Jan,31-Dec,264,176,440,1-May-17,10296
NEW ZEALAND,Christchurch,S1,1-Jan,31-Dec,179,126,305,1-Apr-17,10297
NEW ZEALAND,Dunedin,S1,1-Jan,31-Dec,138,116,254,1-Apr-17,12518
NEW ZEALAND,Queenstown,S1,1-Jan,31-Dec,296,134,430,1-Apr-17,12313
NEW ZEALAND,Rotarua,S1,1-Jan,31-Dec,141,118,259,1-Apr-17,12311
NEW ZEALAND,Wellington,S1,1-Jan,31-Dec,188,124,312,1-Apr-17,10295
NICARAGUA,[Other],S1,1-Jan,31-Dec,98,55,153,1-Apr-11,11872
NICARAGUA,Corn Island,S1,1-Jan,31-Dec,116,65,181,1-Apr-11,12695
NICARAGUA,Managua,S1,1-Jan,31-Dec,172,94,266,1-Apr-17,10089
NICARAGUA,San Juan del Sur,S1,1-Jan,31-Dec,242,70,312,1-May-11,12696
NIGER,[Other],S1,1-Jan,31-Dec,99,57,156,1-Jul-11,11844
NIGER,Niamey,S1,1-Jan,31-Dec,115,58,173,1-Feb-17,10406
NIGERIA,[Other],S1,1-Jan,31-Dec,318,131,449,1-Oct-15,11902
NIGERIA,Abuja,S1,1-Jan,31-Dec,424,147,571,1-Oct-14,10741
NIGERIA,Kaduna,S1,1-Jan,31-Dec,265,113,378,1-Oct-14,10743
NIGERIA,Lagos,S1,1-Jan,31-Dec,298,148,446,1-Oct-15,10744
NIGERIA,Port Harcourt,S1,1-Jan,31-Dec,318,131,449,1-Oct-15,13508
NIUE,Niue,S1,1-Jan,31-Dec,73,51,124,1-Apr-17,11698
NORWAY,[Other],S1,1-Jan,31-Dec,145,128,273,1-Aug-16,11897
NORWAY,Oslo,S1,1-Jan,31-Dec,145,128,273,1-Aug-16,10183
NORWAY,Stavanger,S1,1-Jan,31-Dec,146,114,260,1-Aug-16,12499
OMAN,[Other],S1,1-Jun,30-Sep,211,170,381,1-Mar-15,11816
OMAN,[Other],S2,1-Oct,31-May,167,165,332,1-Mar-15,11816
OMAN,Duqm,S1,1-Jan,31-Dec,179,135,314,1-Mar-15,15071
OMAN,Muscat,S1,1-Jan,31-Dec,261,155,416,1-Oct-13,10361
OMAN,Salalah,S1,1-Jun,30-Sep,211,170,381,1-Mar-15,12034
OMAN,Salalah,S2,1-Oct,31-May,167,165,332,1-Mar-15,12034
OTHER FOREIGN LOCALITIES,Other Foreign Localities,S1,1-Jan,31-Dec,35,20,55,1-Oct-07,11074
PAKISTAN,[Other],S1,1-Jan,31-Dec,177,82,259,1-Jun-16,11815
PAKISTAN,Faisalabad,S1,1-Jan,31-Dec,163,94,257,1-Jun-16,11035
PAKISTAN,Islamabad,S1,1-Jan,31-Dec,70,55,125,1-Sep-16,10356
PAKISTAN,Karachi,S1,1-Jan,31-Dec,201,82,283,1-Jun-16,10359
PAKISTAN,Lahore,S1,1-Jan,31-Dec,231,86,317,1-Jun-16,10357
PAKISTAN,Peshawar,S1,1-Jan,31-Dec,124,74,198,1-Jun-16,10358
PAKISTAN,Quetta,S1,1-Jan,31-Dec,177,82,259,1-Jun-16,11037
PALAU,[Other],S1,1-Jan,31-Dec,204,136,340,1-Apr-15,11905
PALAU,Koror,S1,1-Jan,31-Dec,204,136,340,1-Apr-15,10805
PANAMA,[Other],S1,1-Jan,31-Dec,84,58,142,1-Dec-12,11753
PANAMA,Colon,S1,1-Jan,31-Dec,114,87,201,1-Jan-15,11026
PANAMA,"David, Chiriqui",S1,1-Jan,31-Dec,114,81,195,1-Nov-12,12337
PANAMA,Panama City,S1,1-Jan,31-Dec,173,99,272,1-Jan-15,11076
PAPUA NEW GUINEA,[Other],S1,1-Jan,31-Dec,179,72,251,1-Jun-16,11799
PAPUA NEW GUINEA,Port Moresby,S1,1-Jan,31-Dec,295,93,388,1-Jun-16,10300
PARAGUAY,[Other],S1,1-Jan,31-Dec,62,60,122,1-Aug-13,11873
PARAGUAY,Asuncion,S1,1-Jan,31-Dec,167,104,271,1-Aug-13,10091
PARAGUAY,Ciudad del Este,S1,1-Jan,31-Dec,133,85,218,1-Aug-13,11670
PARAGUAY,Pegro Juan,S1,1-Jan,31-Dec,45,76,121,1-Aug-13,12038
PERU,[Other],S1,1-Jan,31-Dec,127,70,197,1-Feb-12,11754
PERU,Cusco,S1,1-Jan,31-Dec,213,120,333,1-Dec-10,11673
PERU,Lima,S1,1-Jan,31-Dec,369,124,493,1-Nov-16,10092
PERU,Paracas,S1,1-Jan,31-Dec,196,78,274,1-Nov-10,12292
PHILIPPINES,[Other],S1,1-Jan,31-Dec,97,80,177,1-Dec-16,11875
PHILIPPINES,Cebu,S1,1-Jan,31-Dec,114,76,190,1-Dec-16,10302
PHILIPPINES,Davao City,S1,1-Jan,31-Dec,85,66,151,1-Dec-16,11613
PHILIPPINES,Mactan,S1,1-Jan,31-Dec,165,81,246,1-Dec-16,20008
PHILIPPINES,Manila,S1,1-Jan,31-Dec,179,112,291,1-Dec-16,10301
POLAND,[Other],S1,1-Jan,31-Dec,124,69,193,1-Mar-16,11777
POLAND,Gdansk,S1,1-Jan,31-Dec,136,85,221,1-Mar-16,11736
POLAND,Katowice,S1,1-Jan,31-Dec,207,103,310,1-Nov-09,12360
POLAND,Krakow,S1,1-Jan,31-Dec,238,118,356,1-Mar-14,10192
POLAND,Poznan,S1,1-Jan,31-Dec,215,89,304,1-Mar-16,10191
POLAND,Warsaw,S1,1-Jan,31-Dec,188,84,272,1-Mar-16,10190
POLAND,Wroclaw,S1,1-Jan,31-Dec,129,73,202,1-May-17,12249
POLAND,Zakopane,S1,1-Jan,31-Dec,109,70,179,1-Dec-15,12513
PORTUGAL,[Other],S1,1-Jan,31-Dec,92,61,153,1-Jan-17,11909
PORTUGAL,Cascais,S1,1-Jan,31-Dec,99,88,187,1-Jan-17,12145
PORTUGAL,Estoril,S1,1-Jan,31-Dec,99,88,187,1-Jan-17,12146
PORTUGAL,Faial Island,S1,1-Apr,31-Oct,98,66,164,1-Jan-17,13018
PORTUGAL,Faial Island,S2,1-Nov,31-Mar,91,65,156,1-Jan-17,13018
PORTUGAL,Lisbon,S1,1-Jan,31-Dec,138,70,208,1-Jan-17,10185
PORTUGAL,Madeira Islands,S1,1-Jan,31-Dec,103,57,160,1-Jan-17,12958
PORTUGAL,Oeiras,S1,1-Jan,31-Dec,99,88,187,1-Jan-17,12147
PORTUGAL,Oporto,S1,1-Jan,31-Dec,125,52,177,1-Jan-17,10186
PORTUGAL,Ponta Delgada,S1,1-Apr,31-Oct,168,56,224,1-Jan-17,13020
PORTUGAL,Ponta Delgada,S2,1-Nov,31-Mar,132,53,185,1-Jan-17,13020
PORTUGAL,Sao Miguel Island,S1,1-Apr,31-Oct,168,56,224,1-Jan-17,13019
PORTUGAL,Sao Miguel Island,S2,1-Nov,31-Mar,132,53,185,1-Jan-17,13019
QATAR,[Other],S1,1-Jan,31-Dec,227,162,389,1-Apr-16,11817
QATAR,Doha,S1,1-Jan,31-Dec,227,162,389,1-Apr-16,10362
REPUBLIC OF THE CONGO,[Other],S1,1-Jan,31-Dec,205,85,290,1-Feb-17,11830
REPUBLIC OF THE CONGO,Brazzaville,S1,1-Jan,31-Dec,205,85,290,1-Feb-17,10385
REUNION,Reunion,S1,1-Jan,31-Dec,145,76,221,1-Apr-07,11729
ROMANIA,[Other],S1,1-Jan,31-Dec,109,75,184,1-Mar-13,11876
ROMANIA,Bucharest,S1,1-Jan,31-Dec,165,90,255,1-Mar-13,10194
ROMANIA,Constanta,S1,1-Jan,31-Dec,97,82,179,1-Mar-13,13652
RUSSIA,[Other],S1,1-Jan,31-Dec,173,123,296,1-Sep-15,11778
RUSSIA,Moscow,S1,1-Jan,31-Dec,351,112,463,1-Nov-14,10196
RUSSIA,Saint Petersburg,S1,1-Jan,31-Dec,352,134,486,1-Nov-14,10197
RUSSIA,Sochi,S1,1-Jan,31-Dec,305,202,507,1-Nov-14,19957
RUSSIA,Vladivostok,S1,1-Jan,31-Dec,221,114,335,1-May-08,10954
RUSSIA,Yekaterinburg,S1,1-Jan,31-Dec,173,123,296,1-Sep-15,10199
RUSSIA,Yuzhno-Sakhalinsk,S1,1-Jan,31-Dec,250,120,370,1-Aug-06,12564
RWANDA,[Other],S1,1-Jan,31-Dec,112,45,157,1-Oct-16,11845
RWANDA,Akagera,S1,1-Jan,31-Dec,129,72,201,1-Oct-16,19002
RWANDA,Gisenyi,S1,1-Jan,31-Dec,112,45,157,1-Oct-16,13473
RWANDA,Kigali,S1,1-Jan,31-Dec,203,91,294,1-Oct-16,10407
RWANDA,Ruhengeri,S1,1-Jan,31-Dec,101,39,140,1-Oct-16,13474
SAINT HELENA,Saint Helena,S1,1-Jan,31-Dec,41,14,55,1-May-17,11066
SAINT KITTS AND NEVIS,Saint Kitts and Nevis,S1,16-Apr,14-Dec,212,156,368,1-Sep-14,11700
SAINT KITTS AND NEVIS,Saint Kitts and Nevis,S2,15-Dec,15-Apr,269,162,431,1-Sep-14,11700
SAINT VINCENT AND THE GRENADINES,Saint Vincent and the Grenadines,S1,1-May,9-Dec,150,91,241,1-Sep-14,11703
SAINT VINCENT AND THE GRENADINES,Saint Vincent and the Grenadines,S2,10-Dec,30-Apr,170,93,263,1-Sep-14,11703
SAMOA ISLANDS,Samoa,S1,1-Jan,31-Dec,186,114,300,1-Jun-12,11071
SAN MARINO,San Marino,S1,1-Jan,31-Dec,109,91,200,1-Jan-17,11704
SAO TOME AND PRINCIPE,Principe,S1,1-Jan,31-Dec,258,47,305,1-Jan-09,13520
SAO TOME AND PRINCIPE,Sao Tome,S1,1-Jan,31-Dec,154,117,271,1-Jan-09,13522
SAUDI ARABIA,[Other],S1,1-Jan,31-Dec,347,163,510,1-Jan-15,11818
SAUDI ARABIA,Dhahran Area,S1,1-Jan,31-Dec,260,176,436,1-Feb-15,10364
SAUDI ARABIA,Eskan,S1,1-Jan,31-Dec,80,43,123,1-Nov-14,19986
SAUDI ARABIA,Jeddah,S1,1-Jan,31-Dec,347,163,510,1-Jan-15,10365
SAUDI ARABIA,Medina,S1,1-Jun,30-Sep,169,93,262,1-Mar-05,13407
SAUDI ARABIA,Medina,S2,1-Oct,31-May,100,86,186,1-Mar-05,13407
SAUDI ARABIA,Riyadh,S1,1-Jan,31-Dec,359,126,485,1-Mar-12,10363
SAUDI ARABIA,Taif,S1,1-Jun,30-Sep,133,89,222,1-Mar-05,11046
SAUDI ARABIA,Taif,S2,1-Oct,31-May,111,87,198,1-Mar-05,11046
SENEGAL,[Other],S1,1-Jan,31-Dec,72,59,131,1-Feb-17,11877
SENEGAL,Dakar,S1,1-Jan,31-Dec,152,99,251,1-Feb-17,10408
SENEGAL,Mbour,S1,1-Jan,31-Dec,88,77,165,1-Feb-17,19009
SERBIA,[Other],S1,1-Jan,31-Dec,60,70,130,1-Apr-15,11921
SERBIA,Belgrade,S1,1-Jan,31-Dec,201,89,290,1-Apr-15,11047
SERBIA,Kopaonik,S1,1-Jan,31-Dec,152,68,220,1-Apr-15,20003
SEYCHELLES,Seychelles,S1,1-Jan,31-Dec,320,127,447,1-May-08,11068
SIERRA LEONE,[Other],S1,1-Jan,31-Dec,140,81,221,1-Mar-15,11846
SIERRA LEONE,Freetown,S1,1-Jan,31-Dec,190,129,319,1-Jan-17,10409
SINGAPORE,Singapore,S1,1-Jan,31-Dec,278,129,407,1-Nov-16,10309
SLOVAK REPUBLIC,[Other],S1,1-Jan,31-Dec,153,72,225,1-Apr-08,11941
SLOVAK REPUBLIC,Bratislava,S1,1-Jan,31-Dec,161,102,263,1-Oct-15,11540
SLOVAK REPUBLIC,Zilina,S1,1-Jan,31-Dec,134,56,190,1-Oct-07,13647
SLOVENIA,[Other],S1,1-Jan,31-Dec,153,92,245,1-Jan-17,11942
SLOVENIA,Ljubljana,S1,1-Jan,31-Dec,153,92,245,1-Jan-17,11541
SLOVENIA,Portoroz,S1,1-Jan,31-Dec,207,86,293,1-Apr-05,13413
SOLOMON ISLANDS,Solomon Islands,S1,1-Jan,31-Dec,270,94,364,1-May-17,11069
SOMALIA,[Other],S1,1-Jan,31-Dec,112,57,169,1-Nov-07,11889
SOMALIA,Mogadishu,S1,1-Jan,31-Dec,170,38,208,15-Dec-92,10410
SOUTH AFRICA,[Other],S1,1-Jan,31-Dec,129,72,201,1-Mar-17,11848
SOUTH AFRICA,Bloemfontein,S1,1-Jan,31-Dec,139,78,217,1-Mar-17,13003
SOUTH AFRICA,Cape Town,S1,1-Jan,31-Dec,244,99,343,1-Mar-17,10412
SOUTH AFRICA,Durban,S1,1-Jan,31-Dec,248,84,332,1-Mar-17,10413
SOUTH AFRICA,Johannesburg,S1,1-Jan,31-Dec,282,93,375,1-Mar-17,10414
SOUTH AFRICA,Pretoria,S1,1-Jan,31-Dec,190,100,290,1-Mar-17,10411
SOUTH AFRICA,Sun City,S1,1-Jan,31-Dec,140,67,207,1-Mar-17,12784
SOUTH SUDAN,[Other],S1,1-Jan,31-Dec,182,90,272,1-Apr-12,15046
SOUTH SUDAN,Juba,S1,1-Jan,31-Dec,182,90,272,1-Mar-12,13453
SPAIN,[Other],S1,1-Jan,31-Dec,138,90,228,1-Jan-17,11779
SPAIN,Almeria,S1,1-Jan,31-Dec,152,99,251,1-Jan-17,13396
SPAIN,Balearic Islands,S1,1-Jan,31-Dec,178,110,288,1-Jan-17,13157
SPAIN,Barcelona,S1,1-Jan,31-Dec,220,113,333,1-Jan-17,10202
SPAIN,Bilbao,S1,1-Jan,31-Dec,145,72,217,1-Jan-17,10203
SPAIN,Fuengirola,S1,1-Jan,31-Dec,143,81,224,1-Jan-17,11523
SPAIN,La Coruna,S1,1-Jan,31-Dec,136,83,219,1-Jan-17,11526
SPAIN,Las Palmas de Gran Canaria,S1,1-Jan,31-Dec,173,87,260,1-Jan-17,12914
SPAIN,Madrid,S1,1-Jan,31-Dec,212,118,330,1-Jan-17,10201
SPAIN,Malaga,S1,1-Jan,31-Dec,135,89,224,1-Jan-17,11529
SPAIN,Marbella,S1,1-Jan,31-Dec,135,89,224,1-Jan-17,11530
SPAIN,Oviedo,S1,1-Jan,31-Dec,111,83,194,1-Jan-17,11531
SPAIN,San Sebastian,S1,1-Jan,31-Dec,127,80,207,1-Jan-17,11533
SPAIN,Santa Cruz de Tenerife,S1,1-Jan,31-Dec,117,82,199,1-Jan-17,12913
SPAIN,Santander,S1,1-Jan,31-Dec,156,80,236,1-Jan-17,11534
SPAIN,Santiago de Compostela,S1,1-Jan,31-Dec,156,90,246,1-Jan-17,11535
SPAIN,Seville,S1,1-Jan,31-Dec,151,79,230,1-Jan-17,10204
SPAIN,Valencia,S1,1-Jan,31-Dec,124,86,210,1-Jan-17,11538
SPAIN,Vigo,S1,1-Jan,31-Dec,130,82,212,1-Jan-17,12915
SPAIN,Zaragoza,S1,1-Jan,31-Dec,234,145,379,1-Apr-08,10959
SRI LANKA,[Other],S1,1-Jan,31-Dec,107,45,152,1-Oct-11,11808
SRI LANKA,Ahungalla,S1,1-Jan,31-Dec,110,58,168,1-Jul-00,12464
SRI LANKA,Bentota,S1,1-Jan,31-Dec,104,42,146,1-Jul-00,12467
SRI LANKA,Chilaw,S1,1-Jan,31-Dec,98,53,151,1-Aug-11,15042
SRI LANKA,Colombo,S1,1-Jan,31-Dec,220,97,317,1-Apr-15,10332
SRI LANKA,Galle,S1,1-Jan,31-Dec,145,71,216,1-May-11,12470
SRI LANKA,Kandy,S1,1-Jan,31-Dec,177,69,246,1-Oct-11,11041
SRI LANKA,Trincomalee,S1,1-Jan,31-Dec,155,76,231,1-Apr-11,19022
ST LUCIA,Saint Lucia,S1,1-Jan,4-May,265,156,421,1-May-16,11701
ST LUCIA,Saint Lucia,S2,5-May,31-Dec,225,152,377,1-May-16,11701
SUDAN,[Other],S1,1-Jan,31-Dec,323,79,402,1-Feb-14,11879
SUDAN,Khartoum,S1,1-Jan,31-Dec,372,113,485,1-Feb-14,10418
SURINAME,[Other],S1,1-Jan,31-Dec,149,111,260,1-Mar-16,11880
SURINAME,Paramaribo,S1,1-Jan,31-Dec,149,111,260,1-Mar-16,10096
SWAZILAND,[Other],S1,1-Jan,31-Dec,41,28,69,1-Mar-17,11850
SWAZILAND,Mbabane,S1,1-Jan,31-Dec,100,58,158,1-Mar-17,10419
SWEDEN,[Other],S1,1-Jan,31-Dec,214,131,345,1-Mar-17,11780
SWEDEN,Stockholm,S1,1-Jan,31-Dec,214,131,345,1-Mar-17,10206
SWITZERLAND,[Other],S1,1-Jan,31-Dec,221,147,368,1-Jan-17,11781
SWITZERLAND,Bad Ragaz,S1,1-Jan,31-Dec,390,150,540,1-Jan-17,20009
SWITZERLAND,Basel,S1,1-Jan,31-Dec,225,159,384,1-Jan-17,12483
SWITZERLAND,Bern,S1,1-Jan,31-Dec,274,151,425,1-Jan-17,10208
SWITZERLAND,Davos,S1,1-Jan,31-Dec,322,175,497,1-Jan-17,12690
SWITZERLAND,Geneva,S1,1-Jan,31-Dec,308,152,460,1-Jan-17,10210
SWITZERLAND,Klosters,S1,1-Jan,31-Dec,265,166,431,1-Jan-17,12738
SWITZERLAND,Lugano,S1,1-Jan,31-Dec,245,160,405,1-Jan-17,12739
SWITZERLAND,Montreux,S1,1-Jan,31-Dec,324,143,467,1-Jan-17,12482
SWITZERLAND,Zurich,S1,1-Jan,31-Dec,344,185,529,1-Jan-17,10209
SYRIA,[Other],S1,1-Jan,31-Dec,236,108,344,1-Feb-11,11881
SYRIA,Damascus,S1,1-Jan,31-Dec,236,108,344,1-Feb-11,10366
TAIWAN,[Other],S1,1-Jan,31-Dec,121,71,192,1-Jul-13,11906
TAIWAN,Kaohsiung,S1,1-Jan,31-Dec,120,76,196,1-Jul-13,10313
TAIWAN,Taichung,S1,1-Jan,31-Dec,109,75,184,1-Sep-16,11619
TAIWAN,Taipei,S1,1-Jan,31-Dec,170,102,272,1-Sep-16,10311
TAJIKISTAN,[Other],S1,1-Jan,31-Dec,100,55,155,1-Feb-11,11782
TAJIKISTAN,Dushanbe,S1,1-Jan,31-Dec,242,83,325,1-Feb-11,10211
TAJIKISTAN,Khorog,S1,1-Jan,31-Dec,176,80,256,1-Feb-11,19013
TAJIKISTAN,Kulob,S1,1-Jan,31-Dec,100,55,155,1-Feb-11,19018
TANZANIA,[Other],S1,1-Jan,31-Dec,110,47,157,1-Jun-14,11851
TANZANIA,Arusha,S1,1-Jan,31-Dec,140,100,240,1-Jun-14,12158
TANZANIA,Dar Es Salaam,S1,1-Jan,31-Dec,205,104,309,1-Jun-13,10420
TANZANIA,Morogoro,S1,1-Jan,31-Dec,137,60,197,1-Jun-14,15068
TANZANIA,Zanzibar,S1,1-Jan,31-Dec,185,102,287,1-Jun-13,13482
THAILAND,[Other],S1,1-Jan,31-Dec,76,30,106,1-Sep-06,11882
THAILAND,Bangkok,S1,1-Jan,31-Dec,146,100,246,1-Dec-14,10238
THAILAND,Cha Am,S1,1-Jan,31-Dec,162,70,232,1-Mar-17,19993
THAILAND,Chiang Mai,S1,1-Jan,31-Dec,127,85,212,1-Jan-12,10239
THAILAND,Chiang Rai,S1,1-Jan,31-Dec,105,75,180,1-Mar-17,13177
THAILAND,Hat Yai,S1,1-Jan,31-Dec,105,75,180,1-Mar-17,13178
THAILAND,Hua Hin,S1,1-Jan,31-Dec,162,70,232,1-Mar-17,11621
THAILAND,Khao Lak,S1,1-Jan,31-Dec,207,74,281,1-Feb-08,13844
THAILAND,Krabi,S1,1-Jan,31-Dec,207,74,281,1-Feb-08,13845
THAILAND,Nong Khai,S1,1-Jan,31-Dec,76,30,106,1-Sep-06,11622
THAILAND,Pattaya City,S1,1-Jan,31-Dec,123,71,194,1-Mar-17,11623
THAILAND,Phuket,S1,1-Jan,31-Dec,207,82,289,1-Mar-17,11626
THAILAND,Samui Island,S1,1-Jan,31-Dec,161,71,232,1-Sep-06,11625
THE GAMBIA,[Other],S1,1-Jan,31-Dec,35,32,67,1-Apr-06,11835
THE GAMBIA,Banjul,S1,1-Jan,31-Dec,138,81,219,1-May-16,10390
TIMOR-LESTE,[Other],S1,1-Jan,31-Dec,70,30,100,1-Jul-14,13977
TIMOR-LESTE,Dili,S1,1-Jan,31-Dec,129,76,205,1-Oct-16,13976
TOGO,[Other],S1,1-Jan,31-Dec,29,40,69,1-Feb-17,11852
TOGO,Lama Kara,S1,1-Jan,31-Dec,42,47,89,1-Feb-17,12352
TOGO,Lome,S1,1-Jan,31-Dec,202,130,332,1-Feb-17,10422
TOGO,Sokode,S1,1-Jan,31-Dec,45,45,90,1-Feb-17,12356
TOKELAU ISLANDS,Tokelau Islands,S1,1-Jan,31-Dec,20,18,38,1-Sep-93,11705
TONGA,[Other],S1,1-Jan,31-Dec,138,78,216,1-May-16,11883
TONGA,Nukualofa,S1,1-Jan,31-Dec,138,78,216,1-May-16,10812
TRINIDAD AND TOBAGO,[Other],S1,1-Jan,31-Dec,236,140,376,1-Dec-15,11884
TRINIDAD AND TOBAGO,Port of Spain,S1,1-Jan,31-Dec,236,140,376,1-Dec-15,11077
TRINIDAD AND TOBAGO,Tobago,S1,1-Jan,31-Dec,220,109,329,1-Apr-17,11674
TUNISIA,[Other],S1,1-Jan,31-Dec,78,101,179,1-Mar-17,11819
TUNISIA,Carthage,S1,1-Jan,31-Dec,151,137,288,1-May-17,11042
TUNISIA,Gammarth,S1,1-Jan,31-Dec,151,137,288,1-May-17,11589
TUNISIA,Jerba,S1,1-Jan,31-Dec,84,116,200,1-May-17,11591
TUNISIA,Lamarsa,S1,1-Jan,31-Dec,151,137,288,1-May-17,11592
TUNISIA,Tabarka,S1,1-Jan,30-Sep,128,106,234,1-Mar-17,12309
TUNISIA,Tabarka,S2,1-Oct,31-Dec,95,103,198,1-Mar-17,12309
TUNISIA,Tamerza,S1,1-Jan,31-Dec,69,73,142,1-Feb-17,13933
TUNISIA,Tozeur,S1,15-Jan,30-Apr,101,82,183,1-Feb-17,11598
TUNISIA,Tozeur,S2,1-May,14-Jan,58,77,135,1-Feb-17,11598
TUNISIA,Tunis,S1,1-Jan,31-Dec,110,105,215,1-Mar-17,10367
TURKEY,[Other],S1,1-Jan,31-Dec,120,82,202,1-Aug-04,11783
TURKEY,Adana-Incirlik,S1,1-Jan,31-Dec,165,100,265,1-Feb-13,10215
TURKEY,Ankara,S1,1-Jan,31-Dec,259,85,344,1-Mar-17,10212
TURKEY,Antalya,S1,1-Jan,31-Dec,189,94,283,1-Aug-04,11547
TURKEY,Aydin,S1,1-Jan,31-Dec,160,104,264,1-Aug-04,12405
TURKEY,Bursa,S1,1-Jan,31-Dec,158,102,260,1-Aug-04,12399
TURKEY,Elmadag,S1,1-Jan,31-Dec,259,85,344,1-Mar-17,10964
TURKEY,Gaziantep,S1,1-Jan,31-Dec,140,93,233,1-Nov-15,19985
TURKEY,Istanbul,S1,1-Jan,31-Dec,299,131,430,1-Jun-11,10213
TURKEY,Izmir-Cigli,S1,1-Jan,31-Dec,266,83,349,1-Mar-17,11545
TURKEY,Manzarali,S1,1-Jan,31-Dec,259,85,344,1-Mar-17,11542
TURKEY,Nevsehir,S1,1-Jan,31-Dec,140,93,233,1-Aug-04,12410
TURKEY,Yamanlar,S1,1-Jan,31-Dec,266,83,349,1-Mar-17,11546
TURKMENISTAN,[Other],S1,1-Jan,31-Dec,100,65,165,1-Jun-10,11784
TURKMENISTAN,Ashgabat,S1,1-Jan,31-Dec,189,93,282,1-Dec-15,10217
TURKS AND CAICOS ISLANDS,Turks and Caicos Islands,S1,1-Jan,15-Apr,304,165,469,1-Mar-15,12562
TURKS AND CAICOS ISLANDS,Turks and Caicos Islands,S2,16-Apr,31-Dec,231,157,388,1-Mar-15,12562
TUVALU,Tuvalu,S1,1-Jan,31-Dec,112,82,194,1-Aug-10,11070
UGANDA,[Other],S1,1-Jan,31-Dec,62,48,110,1-Jan-14,11853
UGANDA,Entebbe,S1,1-Jan,31-Dec,203,77,280,1-Jun-16,12232
UGANDA,Fort Portal,S1,1-Jan,31-Dec,113,63,176,1-Feb-14,15002
UGANDA,Gulu,S1,1-Jan,31-Dec,62,48,110,1-Jan-14,15000
UGANDA,Jinja,S1,1-Jan,31-Dec,215,74,289,1-Feb-14,13912
UGANDA,Kampala,S1,1-Jan,31-Dec,250,90,340,1-Jan-14,10423
UGANDA,Mbale,S1,1-Jan,31-Dec,71,75,146,1-Jan-14,15003
UKRAINE,[Other],S1,1-Jan,31-Dec,140,97,237,1-May-08,11785
UKRAINE,Kharkiv,S1,1-Jan,31-Dec,152,95,247,1-May-08,12625
UKRAINE,Kyiv,S1,1-Jan,31-Dec,243,131,374,1-Mar-11,10218
UNITED ARAB EMIRATES,[Other],S1,1-Jan,31-Dec,340,198,538,1-Apr-14,11885
UNITED ARAB EMIRATES,Abu Dhabi,S1,1-Jan,31-Dec,340,198,538,1-Apr-14,10368
UNITED ARAB EMIRATES,Dubai,S1,1-Jan,31-Dec,385,168,553,1-Oct-16,10369
UNITED KINGDOM,[Other],S1,1-Jan,31-Dec,169,103,272,1-Sep-14,11886
UNITED KINGDOM,Belfast,S1,1-Jan,31-Dec,196,103,299,1-May-17,10220
UNITED KINGDOM,Birmingham,S1,1-Jan,31-Dec,164,72,236,1-May-17,10221
UNITED KINGDOM,Bristol,S1,1-Jan,31-Dec,195,92,287,1-May-17,10969
UNITED KINGDOM,"Cardiff, Wales",S1,1-Jan,31-Dec,170,84,254,1-May-17,12420
UNITED KINGDOM,Caversham,S1,1-Jan,31-Dec,223,123,346,1-May-17,10504
UNITED KINGDOM,Cheltenham,S1,1-Jan,31-Dec,151,102,253,1-May-17,10506
UNITED KINGDOM,Crawley,S1,1-Jan,31-Dec,283,144,427,1-May-17,11576
UNITED KINGDOM,Edinburgh,S1,1-Jan,31-Dec,179,92,271,1-May-17,10222
UNITED KINGDOM,Fairford,S1,1-Jan,31-Dec,169,88,257,1-May-17,10976
UNITED KINGDOM,Gatwick,S1,1-Jan,31-Dec,172,123,295,1-May-17,11550
UNITED KINGDOM,Glasgow,S1,1-Jan,31-Dec,164,87,251,1-May-17,10223
UNITED KINGDOM,Harrogate,S1,1-Jan,31-Dec,119,68,187,1-May-17,11553
UNITED KINGDOM,High Wycombe,S1,1-Jan,31-Dec,153,92,245,1-May-17,11555
UNITED KINGDOM,Horley,S1,1-Jan,31-Dec,172,123,295,1-May-17,11580
UNITED KINGDOM,Liverpool,S1,1-Jan,31-Dec,143,86,229,1-May-17,12422
UNITED KINGDOM,London,S1,1-Jan,31-Dec,283,144,427,1-May-17,10219
UNITED KINGDOM,Loudwater,S1,1-Jan,31-Dec,143,99,242,1-May-17,12124
UNITED KINGDOM,Manchester,S1,1-Jan,31-Dec,170,95,265,1-May-17,11582
UNITED KINGDOM,Menwith Hill,S1,1-Jan,31-Dec,119,68,187,1-May-17,11554
UNITED KINGDOM,Oxford,S1,1-Jan,31-Dec,148,76,224,1-May-17,12421
UNITED KINGDOM,Reading,S1,1-Jan,31-Dec,223,123,346,1-May-17,11557
URUGUAY,[Other],S1,1-Jan,31-Dec,160,92,252,1-Apr-11,11755
URUGUAY,Colonia,S1,1-Jan,31-Dec,186,79,265,1-Aug-09,13384
URUGUAY,Montevideo,S1,1-Jan,31-Dec,160,92,252,1-Apr-11,10098
URUGUAY,Punta del Este,S1,16-Mar,14-Dec,220,121,341,1-Aug-09,11676
URUGUAY,Punta del Este,S2,15-Dec,15-Mar,264,125,389,1-Aug-09,11676
UZBEKISTAN,[Other],S1,1-Jan,31-Dec,80,62,142,1-Nov-11,11786
UZBEKISTAN,Tashkent,S1,1-Jan,31-Dec,180,99,279,1-Feb-12,10227
VANUATU,[Other],S1,1-Jan,31-Dec,20,13,33,1-Sep-93,11959
VANUATU,Port Vila,S1,1-Jan,31-Dec,176,119,295,1-May-17,11707
VANUATU,Santos,S1,1-Jan,31-Dec,190,103,293,1-May-17,11708
VANUATU,Tanna Island,S1,1-Jan,31-Dec,267,111,378,1-May-17,11709
VENEZUELA,[Other],S1,1-Jan,31-Dec,278,206,484,1-Oct-14,11887
VENEZUELA,Barquisimeto,S1,1-Jan,31-Dec,263,299,562,1-Oct-14,13430
VENEZUELA,Caracas,S1,1-Jan,31-Dec,314,261,575,1-Oct-14,10099
VENEZUELA,Maracaibo,S1,1-Jan,31-Dec,276,287,563,1-Oct-14,10100
VENEZUELA,Porlamar,S1,1-Jan,31-Dec,266,281,547,1-Oct-14,13428
VENEZUELA,Puerto La Cruz,S1,1-Jan,31-Dec,278,206,484,1-Oct-14,13433
VENEZUELA,Puerto Ordaz,S1,1-Jan,31-Dec,285,214,499,1-Oct-14,13426
VENEZUELA,Punto Fijo,S1,1-Jan,31-Dec,241,231,472,1-Oct-14,13435
VENEZUELA,San Cristobal,S1,1-Jan,31-Dec,278,268,546,1-Oct-14,13434
VENEZUELA,Valencia,S1,1-Jan,31-Dec,249,256,505,1-Oct-14,13429
VIETNAM,[Other],S1,1-Jan,31-Dec,122,85,207,1-Jun-08,11802
VIETNAM,Dalat,S1,1-Jan,31-Dec,154,90,244,1-Nov-03,12729
VIETNAM,Danang,S1,1-Jan,31-Dec,143,98,241,1-Jun-14,12730
VIETNAM,Hanoi,S1,1-Jan,31-Dec,180,98,278,1-Mar-08,10314
VIETNAM,Ho Chi Minh City,S1,1-Jan,31-Dec,220,86,306,1-Jan-08,12631
"VIRGIN ISLANDS, BRITISH","Virgin Islands, British",S1,15-Apr,14-Dec,138,100,238,1-Aug-10,19017
"VIRGIN ISLANDS, BRITISH","Virgin Islands, British",S2,15-Dec,14-Apr,192,105,297,1-Aug-10,19017
WALLIS AND FUTUNA,Wallis and Futuna,S1,1-Jan,31-Dec,73,64,137,1-Oct-93,11710
YEMEN,[Other],S1,1-Jan,31-Dec,108,65,173,1-Mar-07,11820
YEMEN,Aden,S1,1-Jan,31-Dec,164,58,222,1-Sep-96,11600
YEMEN,Sanaa,S1,1-Jan,31-Dec,360,95,455,1-Feb-13,10370
ZAMBIA,[Other],S1,1-Jan,31-Dec,95,80,175,1-Mar-11,11890
ZAMBIA,Livingstone,S1,1-Jan,31-Dec,236,103,339,1-Mar-11,11504
ZAMBIA,Lusaka,S1,1-Jan,31-Dec,190,95,285,1-Mar-11,10430
ZIMBABWE,[Other],S1,1-Jan,31-Dec,129,92,221,1-Dec-16,11849
ZIMBABWE,Bulawayo,S1,1-Jan,31-Dec,138,94,232,1-Dec-16,12074
ZIMBABWE,Harare,S1,1-Jan,31-Dec,192,112,304,1-Dec-16,10417
ZIMBABWE,Victoria Falls,S1,1-Jan,31-Dec,243,122,365,1-Dec-16,11507
